GID,ESPN ID,Pos,Name,Team,Salary,Salary Change,Points,GP,Pts/Game,Pts/G/$,Pts/G(alt),Last pts,Days ago,Schedule starting Wed 1/1
5815,0,34,"Paschall, Eric",GSW,3400,0,711,30,23.7,7,23.7,7,1,.2.4.6.8.0.2.4.6.8.0.2.4...8
4728,3056600,34,"Parker, Jabari",Atl,4200,0,895.3,31,28.9,6.9,28.9,0,2,..34.6.8.0.2.4..78.0.2.4.6.8
4744,2581177,23,"Hood, Rodney",Por,3000,0,418,21,19.9,6.6,19.9,0,2,1.3.5.7.9.1.3.5.78.0..3..6..
4904,0,34,"Saric, Dario",Pho,4000,-400,835.8,33,25.3,6.3,25.3,4,2,1.3.5.7..0.2.4.6.8.0.2.4.6.8
4778,0,45,"Kaminsky, Frank",Pho,3600,-100,708.5,32,22.1,6.2,22.1,0,2,1.3.5.7..0.2.4.6.8.0.2.4.6.8
4857,0,45,"Harrell, Montrezl",LAC,5500,0,1141,34,33.6,6.1,33.6,17,1,.2.45....0.2.4.6.8..12.4.6.8
4224,3992,12,"Harden, James",Hou,10500,0,2069.8,33,62.7,6,62.7,54.8,1,..3....89.1..45..8.0.2.4.67.
4976,0,12,"Payton, Gary",Was,5500,-700,130.8,4,32.7,5.9,32.7,19.2,2,1.34.6.8.0.2..5.7..0.23..6.8
5217,0,45,"Bryant, Thomas",Was,5300,-200,566.8,18,31.5,5.9,31.5,0,2,1.34.6.8.0.2..5.7..0.23..6.8
3816,2799,12,"Williams, Louis",LAC,5700,0,1064,32,33.2,5.8,33.2,0,1,.2.45....0.2.4.6.8..12.4.6.8
4266,4238,1,"Bledsoe, Eric",Mil,5500,-200,856.3,27,31.7,5.8,31.7,30.2,2,1..4.6.8.01..4.6.8.0...4...8
4364,6460,23,"Moore, E'Twaun",Nor,3100,0,394.3,22,17.9,5.8,17.9,39.2,3,..34.6.8.01.3..6.8.0.2.4.6.8
4704,3059319,23,"Wiggins, Andrew",Min,6900,-400,1039,26,40,5.8,40,0,2,12..5.7.9.1.3.5.78.0.2.45.7.
4514,6603,23,"Lamb, Jeremy",Ind,4700,0,617.5,23,26.8,5.7,26.8,28.8,1,.2.4.6.8.0..3.5.7.90.2.4.6..
4583,2489663,45,"Olynyk, Kelly",Mia,3200,0,597.3,33,18.1,5.7,18.1,1.2,2,.23.5..8.0.2..5.7.90.2.4..78
5238,0,23,"Hart, Josh",Nor,4200,0,642.8,27,23.8,5.7,23.8,19,3,..34.6.8.01.3..6.8.0.2.4.6.8
5817,0,1,"Bowman, Ky",GSW,3100,0,548.3,31,17.7,5.7,17.7,19.2,1,.2.4.6.8.0.2.4.6.8.0.2.4...8
3861,3024,23,"Redick, J.J.",Nor,4300,0,763.8,32,23.9,5.6,23.9,3,3,..34.6.8.01.3..6.8.0.2.4.6.8
3872,3026,1,"Rondo, Rajon",LAL,4000,-500,469.3,21,22.3,5.6,22.3,14.8,3,1.3.5.7..01.3.5..8.0.23.5..8
4092,3423,1,"Dragic, Goran",Mia,5200,0,665.5,23,28.9,5.6,28.9,18,2,.23.5..8.0.2..5.7.90.2.4..78
4221,4015,1,"Teague, Jeff",Min,5200,-300,808.3,28,28.9,5.6,28.9,17.8,2,12..5.7.9.1.3.5.78.0.2.45.7.
4245,4004,12,"Mills, Patty",SAS,3500,0,626.8,32,19.6,5.6,19.6,33.5,1,.2.4.6.8.0.2..5.7.90.2.4.67.
4363,6430,23,"Butler, Jimmy",Mia,7800,0,1269.8,29,43.8,5.6,43.8,40,2,.23.5..8.0.2..5.7.90.2.4..78
4581,2327577,34,"Green, JaMychal",LAC,3200,0,463.5,26,17.8,5.6,17.8,11.8,1,.2.45....0.2.4.6.8..12.4.6.8
4668,2528426,12,"Clarkson, Jordan",Uta,4100,0,741,32,23.2,5.6,23.2,28.2,2,.2.4.6.8.0.2.4.6.8.0.2..5.7.
5891,0,5,"Hayes, Jaxson",Nor,3300,0,573,31,18.5,5.6,18.5,10.8,3,..34.6.8.01.3..6.8.0.2.4.6.8
5895,0,12,"White, Coby",Chi,3800,0,726.8,34,21.4,5.6,21.4,34,2,.2.4.6.8.01.3.5.78.0.2.45.7.
4107,3442,5,"Jordan, DeAndre",Bkn,4800,0,762.5,29,26.3,5.5,26.3,32.2,2,.2.4.67..0.2.45..8.0..3.56..
4441,6429,12,"Burks, Alec",GSW,5300,0,934.8,32,29.2,5.5,29.2,45,1,.2.4.6.8.0.2.4.6.8.0.2.4...8
4885,0,12,"Booker, Devin",Pho,7400,-100,1217,30,40.6,5.5,40.6,50,2,1.3.5.7..0.2.4.6.8.0.2.4.6.8
4921,0,45,"Sabonis, Domantas",Ind,7800,0,1371.8,32,42.9,5.5,42.9,47.5,1,.2.4.6.8.0..3.5.7.90.2.4.6..
4961,0,23,"Hield, Buddy",Sac,6200,0,1157.8,34,34.1,5.5,34.1,35,1,.2.4.67..0..3.5..8.0.2.4..7.
3541,1966,13,"James, LeBron",LAL,10300,500,1771,32,55.3,5.4,55.3,45.5,3,1.3.5.7..01.3.5..8.0.23.5..8
3904,3015,45,"Millsap, Paul",Den,4700,0,730.5,29,25.2,5.4,25.2,34.8,1,.2.4.6.8..12..56..90.2.4.6.8
3979,3195,1,"Conley, Mike",Uta,4900,0,582.8,22,26.5,5.4,26.5,0,2,.2.4.6.8.0.2.4.6.8.0.2..5.7.
3998,3213,45,"Horford, Al",Phi,5700,0,976.5,32,30.5,5.4,30.5,14.2,1,..3..6..9.1.3.5.78.0.2..5..8
4494,6580,2,"Beal, Bradley",Was,8700,-500,1400.3,30,46.7,5.4,46.7,0,2,1.34.6.8.0.2..5.7..0.23..6.8
4556,2968439,5,"Baynes, Aron",Pho,4700,-200,610.8,24,25.4,5.4,25.4,29.2,2,1.3.5.7..0.2.4.6.8.0.2.4.6.8
4558,2284101,23,"Holiday, Justin",Ind,3300,0,602.3,34,17.7,5.4,17.7,17.8,1,.2.4.6.8.0..3.5.7.90.2.4.6..
4614,2579258,45,"Zeller, Cody",Cha,4600,0,820.5,33,24.9,5.4,24.9,16.5,1,.2.4.6.8.0.23.5....0...4...8
4621,3032977,34,"Antetokounmpo, Giannis",Mil,11200,0,1934.3,32,60.4,5.4,60.4,45.5,2,1..4.6.8.01..4.6.8.0...4...8
4657,2490149,12,"McCollum, C.J.",Por,6800,200,1251.3,34,36.8,5.4,36.8,39,2,1.3.5.7.9.1.3.5.78.0..3..6..
4836,0,5,"Okafor, Jahlil",Nor,3200,0,342.8,20,17.1,5.4,17.1,8.5,3,..34.6.8.01.3..6.8.0.2.4.6.8
4879,0,5,"Towns, Karl-Anthony",Min,10000,0,1238,23,53.8,5.4,53.8,0,2,12..5.7.9.1.3.5.78.0.2.45.7.
4924,0,5,"Zubac, Ivica",LAC,3800,0,712,35,20.3,5.4,20.3,25.2,1,.2.45....0.2.4.6.8..12.4.6.8
5132,0,1,"Fox, De'Aaron",Sac,6300,0,541.5,16,33.8,5.4,33.8,27,1,.2.4.67..0..3.5..8.0.2.4..7.
5159,0,5,"Adebayo, Bam",Mia,7600,0,1344.3,33,40.7,5.4,40.7,37.5,2,.23.5..8.0.2..5.7.90.2.4..78
5657,0,34,"Bridges, Miles",Cha,4500,0,871,36,24.2,5.4,24.2,37.5,1,.2.4.6.8.0.23.5....0...4...8
5688,0,34,"Williams, Kenrich",Nor,3000,0,516.3,32,16.1,5.4,16.1,2.8,3,..34.6.8.01.3..6.8.0.2.4.6.8
4283,4251,3,"George, Paul",LAC,7800,0,991.5,24,41.3,5.3,41.3,57.2,1,.2.45....0.2.4.6.8..12.4.6.8
4285,4249,34,"Hayward, Gordon",Bos,6400,0,504.8,15,33.6,5.3,33.6,44.5,1,..34.6.89.1.3.56.8.0.2.4.6.8
4407,6462,34,"Morris, Marcus",NYK,5700,-300,914.5,30,30.5,5.3,30.5,20,4,1.3.5.78.0.2.4.6.8.0.2.4.6.8
4412,6440,34,"Harris, Tobias",Phi,6700,0,1267.5,36,35.2,5.3,35.2,15,1,..3..6..9.1.3.5.78.0.2..5..8
4414,4011,1,"Rubio, Ricky",Pho,7000,-200,1000.3,27,37,5.3,37,46.8,2,1.3.5.7..0.2.4.6.8.0.2.4.6.8
4440,6479,1,"Walker, Kemba",Bos,7400,0,1169,30,39,5.3,39,46.5,1,..34.6.89.1.3.56.8.0.2.4.6.8
4489,6585,5,"Drummond, Andre",Det,9300,0,1566.8,32,49,5.3,49,49.8,2,.2.45.7.9.1.3.5..8.0.2.45.7.
4677,2990992,12,"Smart, Marcus",Bos,5000,0,579.3,22,26.3,5.3,26.3,25.8,1,..34.6.89.1.3.56.8.0.2.4.6.8
4766,3102529,5,"Capela, Clint",Hou,7400,0,1101.5,28,39.3,5.3,39.3,36,1,..3....89.1..45..8.0.2.4.67.
4787,0,13,"Winslow, Justise",Mia,5500,0,292.3,10,29.2,5.3,29.2,0,2,.23.5..8.0.2..5.7.90.2.4..78
4965,0,34,"Ingram, Brandon",Nor,8100,0,1296.3,30,43.2,5.3,43.2,46,3,..34.6.8.01.3..6.8.0.2.4.6.8
5004,0,5,"Poeltl, Jakob",SAS,3600,0,611.8,32,19.1,5.3,19.1,20.8,1,.2.4.6.8.0.2..5.7.90.2.4.67.
5671,0,12,"Nunn, Kendrick",Mia,5100,0,898.3,33,27.2,5.3,27.2,21,2,.23.5..8.0.2..5.7.90.2.4..78
5755,0,45,"Spellman, Omari",GSW,3000,0,509,32,15.9,5.3,15.9,8.8,1,.2.4.6.8.0.2.4.6.8.0.2.4...8
5925,0,34,"Johnson, Cameron",Pho,3100,-200,497.5,30,16.6,5.3,16.6,11.2,2,1.3.5.7..0.2.4.6.8.0.2.4.6.8
3639,2384,5,"Howard, Dwight",LAL,3800,-100,653.8,33,19.8,5.2,19.8,22.8,3,1.3.5.7..01.3.5..8.0.23.5..8
4211,3978,23,"DeRozan, DeMar",SAS,7100,0,1183.5,32,37,5.2,37,41.8,1,.2.4.6.8.0.2..5.7.90.2.4.67.
4212,3995,12,"Holiday, Jrue",Nor,7800,0,1297,32,40.5,5.2,40.5,41,3,..34.6.8.01.3..6.8.0.2.4.6.8
4379,6442,1,"Irving, Kyrie",Bkn,9700,0,550.8,11,50.1,5.2,50.1,0,2,.2.4.67..0.2.45..8.0..3.56..
4404,6450,34,"Leonard, Kawhi",LAC,9000,0,1228.5,26,47.2,5.2,47.2,40.5,1,.2.45....0.2.4.6.8..12.4.6.8
4472,6581,34,"Crowder, Jae",Mem,4800,0,799.3,32,25,5.2,25,0,3,.2.45.7..0.2.4..7..0.2.4.6.8
4482,6583,45,"Davis, Anthony",LAL,9900,200,1610.3,31,51.9,5.2,51.9,44.2,3,1.3.5.7..01.3.5..8.0.23.5..8
4502,6578,34,"Barnes, Harrison",Sac,5100,0,909,34,26.7,5.2,26.7,18.2,1,.2.4.67..0..3.5..8.0.2.4..7.
4702,2991039,23,"Robinson III, Glenn",GSW,4400,0,778.3,34,22.9,5.2,22.9,35.8,1,.2.4.6.8.0.2.4.6.8.0.2.4...8
4724,2982334,34,"Warren, T.J.",Ind,5200,0,913.3,34,26.9,5.2,26.9,30,1,.2.4.6.8.0..3.5.7.90.2.4.6..
5013,0,12,"Brogdon, Malcolm",Ind,6900,0,975.3,27,36.1,5.2,36.1,2.5,1,.2.4.6.8.0..3.5.7.90.2.4.6..
5162,0,45,"Kleber, Maxi",Dal,3700,0,611.5,32,19.1,5.2,19.1,37.5,1,.2.4.6.8.01..45.7...1.3.5.78
5215,0,1,"Ball, Lonzo",Nor,5400,0,725.8,26,27.9,5.2,27.9,59,3,..34.6.8.01.3..6.8.0.2.4.6.8
5219,0,12,"Ntilikina, Frank",NYK,3000,0,482.3,31,15.6,5.2,15.6,22.5,4,1.3.5.78.0.2.4.6.8.0.2.4.6.8
5740,0,13,"DiVincenzo, Donte",Mil,4000,-1100,666.3,32,20.8,5.2,20.8,13.8,2,1..4.6.8.01..4.6.8.0...4...8
5841,0,1,"Morant, Ja",Mem,6400,0,923.5,28,33,5.2,33,19.2,3,.2.45.7..0.2.4..7..0.2.4.6.8
5914,0,2,"Herro, Tyler",Mia,4600,0,760.5,32,23.8,5.2,23.8,11.8,2,.23.5..8.0.2..5.7.90.2.4..78
3871,3033,34,"Tucker, P.J.",Hou,4700,0,817,34,24,5.1,24,15,1,..3....89.1..45..8.0.2.4.67.
4234,3964,12,"Beverley, Patrick",LAC,4900,0,719.3,29,24.8,5.1,24.8,0,1,.2.45....0.2.4.6.8..12.4.6.8
4315,4305,1,"Smith, Ishmael",Was,4400,-200,717,32,22.4,5.1,22.4,37.2,2,1.34.6.8.0.2..5.7..0.23..6.8
4522,6579,13,"Barton, Will",Den,6400,0,1004,31,32.4,5.1,32.4,37.2,1,.2.4.6.8..12..56..90.2.4.6.8
4523,6606,1,"Lillard, Damian",Por,9200,700,1504,32,47,5.1,47,53.2,2,1.3.5.7.9.1.3.5.78.0..3..6..
4669,2528588,34,"McDermott, Doug",Ind,3200,0,550,34,16.2,5.1,16.2,16,1,.2.4.6.8.0..3.5.7.90.2.4.6..
4709,3593,34,"Bogdanovic, Bojan",Uta,6100,0,1003.8,32,31.4,5.1,31.4,27,2,.2.4.6.8.0.2.4.6.8.0.2..5.7.
4735,2530572,12,"Galloway, Langston",Det,3600,0,619,34,18.2,5.1,18.2,8.8,2,.2.45.7.9.1.3.5..8.0.2.45.7.
4736,2993874,34,"Anderson, Kyle",Mem,3200,0,458.5,28,16.4,5.1,16.4,21.2,3,.2.45.7..0.2.4..7..0.2.4.6.8
5114,0,45,"Theis, Daniel",Bos,4000,0,573.3,28,20.5,5.1,20.5,18.5,1,..34.6.89.1.3.56.8.0.2.4.6.8
5191,0,1,"Morris, Monte",Den,3100,0,523.8,33,15.9,5.1,15.9,34.2,1,.2.4.6.8..12..56..90.2.4.6.8
5658,0,1,"Graham, Devonte'",Cha,7600,0,1382,36,38.4,5.1,38.4,30.5,1,.2.4.6.8.0.23.5....0...4...8
5681,0,23,"Robinson, Duncan",Mia,4000,0,679.3,33,20.6,5.1,20.6,25.5,2,.23.5..8.0.2..5.7.90.2.4..78
5713,0,5,"Ayton, Deandre",Pho,6700,-300,103.3,3,34.4,5.1,34.4,20,2,1.3.5.7..0.2.4.6.8.0.2.4.6.8
3786,2779,1,"Paul, Chris",OKC,7200,0,1188,33,36,5,36,38,1,.2.4.67.9.1.3.5.78.0.2.45.7.
3860,2983,45,"Aldridge, LaMarcus",SAS,7600,0,1138.3,30,37.9,5,37.9,45.5,1,.2.4.6.8.0.2..5.7.90.2.4.67.
4079,3468,1,"Westbrook, Russell",Hou,9600,0,1450,30,48.3,5,48.3,44.8,1,..3....89.1..45..8.0.2.4.67.
4261,4248,34,"Aminu, Al-Farouq",Orl,3000,0,269,18,14.9,5,14.9,0,2,1.34.6.8.0..3.56.8.0.2.4.67.
4373,6478,5,"Vucevic, Nikola",Orl,8200,300,909.5,22,41.3,5,41.3,41,2,1.34.6.8.0..3.56.8.0.2.4.67.
4504,6589,13,"Green, Draymond",GSW,6100,0,762.8,25,30.5,5,30.5,41.5,1,.2.4.6.8.0.2.4.6.8.0.2.4...8
4591,2596107,5,"Len, Alex",Atl,3900,0,624,32,19.5,5,19.5,37.5,2,..34.6.8.0.2.4..78.0.2.4.6.8
4620,3032976,5,"Gobert, Rudy",Uta,8000,0,1241,31,40,5,40,47.8,2,.2.4.6.8.0.2.4.6.8.0.2..5.7.
4705,3064290,34,"Gordon, Aaron",Orl,5900,200,848,29,29.2,5,29.2,0,2,1.34.6.8.0..3.56.8.0.2.4.67.
4760,2580782,12,"Dinwiddie, Spencer",Bkn,7700,0,1227.5,32,38.4,5,38.4,55.8,2,.2.4.67..0.2.45..8.0..3.56..
4762,3059318,5,"Embiid, Joel",Phi,9800,0,1412.3,29,48.7,5,48.7,0,1,..3..6..9.1.3.5.78.0.2..5..8
4781,0,5,"Turner, Myles",Ind,5300,0,692.3,26,26.6,5,26.6,23.8,1,.2.4.6.8.0..3.5.7.90.2.4.6..
4823,0,12,"Rozier, Terry",Cha,6300,0,1142,36,31.7,5,31.7,20,1,.2.4.6.8.0.23.5....0...4...8
4828,0,34,"Oubre, Kelly",Pho,6500,-200,1071.5,33,32.5,5,32.5,49.8,2,1.3.5.7..0.2.4.6.8.0.2.4.6.8
4876,0,12,"Jones, Tyus",Mem,3500,0,596.5,34,17.5,5,17.5,22.2,3,.2.45.7..0.2.4..7..0.2.4.6.8
4938,0,34,"Prince, Taurean",Bkn,5400,0,864,32,27,5,27,35.5,2,.2.4.67..0.2.45..8.0..3.56..
4979,0,45,"Labissiere, Skal",Por,3200,-200,527,33,16,5,16,0,2,1.3.5.7.9.1.3.5.78.0..3..6..
4989,0,34,"Bertans, Davis",Was,5600,-200,790.5,28,28.2,5,28.2,0,2,1.34.6.8.0.2..5.7..0.23..6.8
4997,0,34,"Layman, Jake",Min,3700,-300,257.3,14,18.4,5,18.4,0,2,12..5.7.9.1.3.5.78.0.2.45.7.
5017,0,23,"Brown, Jaylen",Bos,7200,0,970,27,35.9,5,35.9,0,1,..34.6.89.1.3.56.8.0.2.4.6.8
5139,0,5,"Allen, Jarrett",Bkn,6200,0,992.8,32,31,5,31,14.2,2,.2.4.67..0.2.45..8.0..3.56..
5173,0,23,"Brooks, Dillon",Mem,4900,0,827.5,34,24.3,5,24.3,23.5,3,.2.45.7..0.2.4..7..0.2.4.6.8
5180,0,23,"Kennard, Luke",Det,5600,0,788,28,28.1,5,28.1,0,2,.2.45.7.9.1.3.5..8.0.2.45.7.
5660,0,45,"Williams, Robert",Bos,3000,0,284.3,19,15,5,15,0,1,..34.6.89.1.3.56.8.0.2.4.6.8
5670,0,12,"Doncic, Luka",Dal,11600,0,1685.3,29,58.1,5,58.1,62,1,.2.4.6.8.01..45.7...1.3.5.78
5685,0,45,"Carter Jr., Wendell",Chi,5800,0,980,34,28.8,5,28.8,29.8,2,.2.4.6.8.01.3.5.78.0.2.45.7.
5837,0,45,"Clarke, Brandon",Mem,4900,0,685.5,28,24.5,5,24.5,35,3,.2.45.7..0.2.4..7..0.2.4.6.8
3510,1975,34,"Anthony, Carmelo",Por,5900,600,547.8,19,28.8,4.9,28.8,18.8,2,1.3.5.7.9.1.3.5.78.0..3..6..
4074,3449,45,"Love, Kevin",Cle,7500,0,1026.8,28,36.7,4.9,36.7,31.2,1,.2.45.7.9.1.34..78.0..3.5.78
4082,3428,34,"Gallinari, Danilo",OKC,6300,0,859,28,30.7,4.9,30.7,29.2,1,.2.4.67.9.1.3.5.78.0.2.45.7.
4102,3438,12,"Hill, George",Mil,4300,-500,690,33,20.9,4.9,20.9,12,2,1..4.6.8.01..4.6.8.0...4...8
4114,3452,5,"McGee, JaVale",LAL,3900,200,627.3,33,19,4.9,19,24.8,3,1.3.5.7..01.3.5..8.0.23.5..8
4193,3988,23,"Green, Danny",LAL,3800,200,610,33,18.5,4.9,18.5,20.5,3,1.3.5.7..01.3.5..8.0.23.5..8
4324,4262,5,"Whiteside, Hassan",Por,8300,1200,1267.5,31,40.9,4.9,40.9,54.5,2,1.3.5.7.9.1.3.5.78.0..3..6..
4468,6588,23,"Fournier, Evan",Orl,6200,200,999,33,30.3,4.9,30.3,29.8,2,1.34.6.8.0..3.56.8.0.2.4.67.
4549,6619,23,"Ross, Terrence",Orl,4200,0,643,31,20.7,4.9,20.7,13.5,2,1.34.6.8.0..3.56.8.0.2.4.67.
4566,2488958,34,"Hill, Solomon",Mem,3100,0,486.3,32,15.2,4.9,15.2,13,3,.2.45.7..0.2.4..7..0.2.4.6.8
4652,2991280,5,"Noel, Nerlens",OKC,4300,0,670.5,32,21,4.9,21,34.5,1,.2.4.67.9.1.3.5.78.0.2.45.7.
4799,0,12,"Russell, D'Angelo",GSW,8000,0,861,22,39.1,4.9,39.1,0,1,.2.4.6.8.0.2.4.6.8.0.2.4...8
4834,0,45,"Wood, Christian",Det,3800,0,561,30,18.7,4.9,18.7,21.8,2,.2.45.7.9.1.3.5..8.0.2.45.7.
4929,0,45,"Siakam, Pascal",Tor,9200,0,1208.8,27,44.8,4.9,44.8,0,1,.2.4..78...2..5.78.0.2.4.6.8
4933,0,5,"Jones, Damian",Atl,3000,0,454.3,31,14.7,4.9,14.7,3.2,2,..34.6.8.0.2.4..78.0.2.4.6.8
5111,0,34,"Tatum, Jayson",Bos,8000,0,1209,31,39,4.9,39,42.8,1,..34.6.89.1.3.56.8.0.2.4.6.8
5148,0,12,"White, Derrick",SAS,4100,0,602,30,20.1,4.9,20.1,22.5,1,.2.4.6.8.0.2..5.7.90.2.4.67.
5241,0,34,"Anunoby, OG",Tor,5000,0,813,33,24.6,4.9,24.6,29.2,1,.2.4..78...2..5.78.0.2.4.6.8
5706,0,5,"Bamba, Mohamed",Orl,3300,300,472,29,16.3,4.9,16.3,13.8,2,1.34.6.8.0..3.56.8.0.2.4.67.
5712,0,23,"Bridges, Mikal",Pho,3500,100,562.8,33,17.1,4.9,17.1,24.8,2,1.3.5.7..0.2.4.6.8.0.2.4.6.8
5879,0,34,"Hunter, De'Andre",Atl,4500,0,731.8,33,22.2,4.9,22.2,25.5,2,..34.6.8.0.2.4..78.0.2.4.6.8
5957,0,5,"Pasecniks, Anzejs",Was,3500,0,121,7,17.3,4.9,17.3,23.5,2,1.34.6.8.0.2..5.7..0.23..6.8
3882,3055,12,"Barea, Jose",Dal,3500,0,133.5,8,16.7,4.8,16.7,0,1,.2.4.6.8.01..45.7...1.3.5.78
4073,3456,12,"Rose, Derrick",Det,6300,0,849.5,28,30.3,4.8,30.3,29.5,2,.2.45.7.9.1.3.5..8.0.2.45.7.
4078,3415,1,"Augustin, D.J.",Orl,4500,200,711,33,21.5,4.8,21.5,33.2,2,1.34.6.8.0..3.56.8.0.2.4.67.
4086,3416,23,"Batum, Nicolas",Cha,3200,0,245.5,16,15.3,4.8,15.3,0,1,.2.4.6.8.0.23.5....0...4...8
4172,3989,45,"Griffin, Blake",Det,5700,0,497,18,27.6,4.8,27.6,0,2,.2.45.7.9.1.3.5..8.0.2.45.7.
4380,6474,5,"Thompson, Tristan",Cle,6700,0,1028.5,32,32.1,4.8,32.1,28.2,1,.2.45.7.9.1.34..78.0..3.5.78
4420,6472,1,"Thomas, Isaiah",Was,5100,-300,561.5,23,24.4,4.8,24.4,16,2,1.34.6.8.0.2..5.7..0.23..6.8
4497,6477,5,"Valanciunas, Jonas",Mem,6700,0,989.5,31,31.9,4.8,31.9,33.2,3,.2.45.7..0.2.4..7..0.2.4.6.8
4530,6591,34,"Harkless, Maurice",LAC,3200,0,536,35,15.3,4.8,15.3,24.8,1,.2.45....0.2.4.6.8..12.4.6.8
4696,2578240,5,"Birch, Khem",Orl,3000,-200,270.8,19,14.2,4.8,14.2,0,2,1.34.6.8.0..3.56.8.0.2.4.67.
4733,2528794,23,"Harris, Joe",Bkn,5300,0,813.8,32,25.4,4.8,25.4,30.8,2,.2.4.67..0.2.45..8.0..3.56..
4772,3112335,5,"Jokic, Nikola",Den,9300,0,1462.8,33,44.3,4.8,44.3,34,1,.2.4.6.8..12..56..90.2.4.6.8
4798,0,45,"Nance, Larry",Cle,4600,0,661.3,30,22,4.8,22,16.8,1,.2.45.7.9.1.34..78.0..3.5.78
4871,0,45,"Porzingis, Kristaps",Dal,7800,0,1159,31,37.4,4.8,37.4,0,1,.2.4.6.8.01..45.7...1.3.5.78
4925,0,13,"Simmons, Ben",Phi,8500,0,1394.8,34,41,4.8,41,35.5,1,..3..6..9.1.3.5.78.0.2..5..8
4954,0,12,"Murray, Jamal",Den,6800,0,1067.8,33,32.4,4.8,32.4,23,1,.2.4.6.8..12..56..90.2.4.6.8
4995,0,12,"Forbes, Bryn",SAS,4000,0,608,32,19,4.8,19,19.8,1,.2.4.6.8.0.2..5.7.90.2.4.67.
5136,0,12,"Mitchell, Donovan",Uta,8400,0,1318.8,33,40,4.8,40,33.2,2,.2.4.6.8.0.2.4.6.8.0.2..5.7.
5137,0,34,"Isaac, Jonathan",Orl,6600,100,977.3,31,31.5,4.8,31.5,37.2,2,1.34.6.8.0..3.56.8.0.2.4.67.
5664,0,12,"Brunson, Jalen",Dal,3600,0,573.3,33,17.4,4.8,17.4,11,1,.2.4.6.8.01..45.7...1.3.5.78
5677,0,12,"Allen, Grayson",Mem,3100,0,282,19,14.8,4.8,14.8,25.2,3,.2.45.7..0.2.4..7..0.2.4.6.8
5690,0,12,"Gilgeous-Alexander, Shai",OKC,7000,0,1102.5,33,33.4,4.8,33.4,43.5,1,.2.4.67.9.1.3.5.78.0.2.45.7.
5742,0,12,"Melton, De'Anthony",Mem,4000,0,439.5,23,19.1,4.8,19.1,15,3,.2.45.7..0.2.4..7..0.2.4.6.8
5780,0,45,"Wagner, Moritz",Was,4900,-100,493.3,21,23.5,4.8,23.5,0,2,1.34.6.8.0.2..5.7..0.23..6.8
5868,0,45,"Hachimura, Rui",Was,5200,-200,629.3,25,25.2,4.8,25.2,0,2,1.34.6.8.0.2..5.7..0.23..6.8
5878,0,12,"Barrett, RJ",NYK,5600,-300,862,32,26.9,4.8,26.9,22.2,4,1.3.5.78.0.2.4.6.8.0.2.4.6.8
3891,3012,1,"Lowry, Kyle",Tor,8800,0,956,23,41.6,4.7,41.6,40.8,1,.2.4..78...2..5.78.0.2.4.6.8
4037,3244,34,"Young, Thaddeus",Chi,4100,0,639.5,33,19.4,4.7,19.4,15.2,2,.2.4.6.8.01.3.5.78.0.2.45.7.
4075,3448,5,"Lopez, Brook",Mil,5400,-500,840,33,25.5,4.7,25.5,24,2,1..4.6.8.01..4.6.8.0...4...8
4173,3975,1,"Curry, Stephen",GSW,8300,0,157.5,4,39.4,4.7,39.4,0,1,.2.4.6.8.0.2.4.6.8.0.2.4...8
4453,6461,45,"Morris, Markieff",Det,4200,0,616.5,31,19.9,4.7,19.9,0,2,.2.45.7.9.1.3.5..8.0.2.45.7.
4574,2991235,5,"Adams, Steven",OKC,6600,0,936.8,30,31.2,4.7,31.2,29.8,1,.2.4.67.9.1.3.5.78.0.2.45.7.
4575,2596108,12,"Carter-Williams, Michael",Orl,3200,-200,283.3,19,14.9,4.7,14.9,0,2,1.34.6.8.0..3.56.8.0.2.4.67.
4595,3032979,12,"Schroder, Dennis",OKC,6500,0,970.5,32,30.3,4.7,30.3,34.2,1,.2.4.67.9.1.3.5.78.0.2.45.7.
4788,0,23,"Richardson, Josh",Phi,5900,0,777.3,28,27.8,4.7,27.8,36,1,..3..6..9.1.3.5.78.0.2..5..8
4817,0,5,"Cauley-Stein, Willie",GSW,4900,0,710.8,31,22.9,4.7,22.9,0,1,.2.4.6.8.0.2.4.6.8.0.2.4...8
4831,0,1,"McConnell, T.J.",Ind,4100,0,619,32,19.3,4.7,19.3,31.5,1,.2.4.6.8.0..3.5.7.90.2.4.6..
4841,0,45,"Portis, Bobby",NYK,4400,-100,686,33,20.8,4.7,20.8,21.8,4,1.3.5.78.0.2.4.6.8.0.2.4.6.8
4952,0,45,"Chriss, Marquese",GSW,4100,0,658,34,19.4,4.7,19.4,30.8,1,.2.4.6.8.0.2.4.6.8.0.2.4...8
4963,0,1,"Murray, Dejounte",SAS,5900,0,797,29,27.5,4.7,27.5,34.5,1,.2.4.6.8.0.2..5.7.90.2.4.67.
5001,0,23,"Bembry, DeAndre",Atl,3700,0,570.8,33,17.3,4.7,17.3,11.2,2,..34.6.8.0.2.4..78.0.2.4.6.8
5659,0,12,"Wanamaker, Brad",Bos,3200,0,469.3,31,15.1,4.7,15.1,12.5,1,..34.6.89.1.3.56.8.0.2.4.6.8
5662,0,12,"Simons, Anfernee",Por,3400,-300,546.3,34,16.1,4.7,16.1,15,2,1.3.5.7.9.1.3.5.78.0..3..6..
5674,0,23,"Okogie, Josh",Min,3800,300,530.3,30,17.7,4.7,17.7,7,2,12..5.7.9.1.3.5.78.0.2.45.7.
5686,0,34,"Hutchison, Chandler",Chi,3000,0,127.8,9,14.2,4.7,14.2,0,2,.2.4.6.8.01.3.5.78.0.2.45.7.
5708,0,1,"Young, Trae",Atl,10400,0,1510.5,31,48.7,4.7,48.7,0,2,..34.6.8.0.2.4..78.0.2.4.6.8
5721,0,12,"Sexton, Collin",Cle,5800,0,892.5,33,27,4.7,27,26.2,1,.2.45.7.9.1.34..78.0..3.5.78
5737,0,23,"Diallo, Hamidou",OKC,3700,0,224.3,13,17.2,4.7,17.2,7.2,1,.2.4.67.9.1.3.5.78.0.2.45.7.
5738,0,23,"Brown, Bruce",Det,4700,0,730.3,33,22.1,4.7,22.1,22,2,.2.45.7.9.1.3.5..8.0.2.45.7.
5854,0,45,"Washington, P.J.",Cha,5500,0,794.8,31,25.6,4.7,25.6,32.8,1,.2.4.6.8.0.23.5....0...4...8
3978,3194,34,"Chandler, Wilson",Bkn,3300,0,106.8,7,15.2,4.6,15.2,20.2,2,.2.4.67..0.2.45..8.0..3.56..
4269,4240,12,"Bradley, Avery",LAL,3100,-200,269,19,14.2,4.6,14.2,8,3,1.3.5.7..01.3.5..8.0.23.5..8
4490,6609,23,"Middleton, Khris",Mil,7500,-600,955.8,28,34.1,4.6,34.1,41.5,2,1..4.6.8.01..4.6.8.0...4...8
4706,3064440,12,"LaVine, Zach",Chi,8300,0,1300.5,34,38.2,4.6,38.2,32.5,2,.2.4.6.8.01.3.5.78.0.2.45.7.
4875,0,4,"Bjelica, Nemanja",Sac,5700,0,894,34,26.3,4.6,26.3,18.8,1,.2.4.67..0..3.5..8.0.2.4..7.
4992,0,13,"LeVert, Caris",Bkn,6400,0,266.3,9,29.6,4.6,29.6,0,2,.2.4.67..0.2.45..8.0..3.56..
5116,0,34,"Osman, Cedi",Cle,4400,0,670.3,33,20.3,4.6,20.3,29,1,.2.45.7.9.1.34..78.0..3.5.78
5131,0,12,"Fultz, Markelle",Orl,5100,300,743.5,32,23.2,4.6,23.2,20.8,2,1.34.6.8.0..3.56.8.0.2.4.67.
5134,0,45,"Collins, John",Atl,8700,0,356.8,9,39.6,4.6,39.6,29.8,2,..34.6.8.0.2.4..78.0.2.4.6.8
5155,0,45,"Collins, Zach",Por,3900,-200,53.5,3,17.8,4.6,17.8,0,2,1.3.5.7.9.1.3.5.78.0..3..6..
5227,0,45,"Markkanen, Lauri",Chi,6300,0,988.8,34,29.1,4.6,29.1,29.5,2,.2.4.6.8.01.3.5.78.0.2.45.7.
5731,0,45,"Jackson, Jaren",Mem,6600,0,995,33,30.2,4.6,30.2,35,3,.2.45.7..0.2.4..7..0.2.4.6.8
5816,0,23,"Poole, Jordan",GSW,3000,0,402,29,13.9,4.6,13.9,0,1,.2.4.6.8.0.2.4.6.8.0.2.4...8
3817,2797,34,"Williams, Marvin",Cha,3300,0,465.3,31,15,4.5,15,3.8,1,.2.4.6.8.0.23.5....0...4...8
3857,3005,34,"Gay, Rudy",SAS,5100,0,740.3,32,23.1,4.5,23.1,10,1,.2.4.6.8.0.2..5.7.90.2.4.67.
4199,4023,23,"Temple, Garrett",Bkn,4900,0,699.8,32,21.9,4.5,21.9,25,2,.2.4.67..0.2.45..8.0..3.56..
4570,2490620,34,"Covington, Robert",Min,5700,-200,796.8,31,25.7,4.5,25.7,29.2,2,12..5.7.9.1.3.5.78.0.2.45.7.
4678,2999547,2,"Harris, Gary",Den,4800,0,672.8,31,21.7,4.5,21.7,0,1,.2.4.6.8..12..56..90.2.4.6.8
4680,3064514,45,"Randle, Julius",NYK,8000,800,1188,33,36,4.5,36,61,4,1.3.5.78.0.2.4.6.8.0.2.4.6.8
4791,0,12,"Wright, Delon",Dal,4600,0,641.5,31,20.7,4.5,20.7,14.8,1,.2.4.6.8.01..45.7...1.3.5.78
4934,0,12,"VanVleet, Fred",Tor,8400,0,1101.3,29,38,4.5,38,35,1,.2.4..78...2..5.78.0.2.4.6.8
5138,0,23,"Bogdanovic, Bogdan",Sac,6000,0,777.8,29,26.8,4.5,26.8,17.2,1,.2.4.67..0..3.5..8.0.2.4..7.
5218,0,12,"Caruso, Alex",LAL,3000,-200,415.8,31,13.4,4.5,13.4,11.8,3,1.3.5.7..01.3.5..8.0.23.5..8
5704,0,23,"Shamet, Landry",LAC,3500,0,281.5,18,15.6,4.5,15.6,14,1,.2.45....0.2.4.6.8..12.4.6.8
3990,3206,5,"Gasol, Marc",Tor,5500,0,646,27,23.9,4.4,23.9,0,1,.2.4..78...2..5.78.0.2.4.6.8
4369,6443,12,"Jackson, Reggie",Det,3200,0,28.3,2,14.1,4.4,14.1,0,2,.2.45.7.9.1.3.5..8.0.2.45.7.
4442,6447,5,"Kanter, Enes",Bos,5100,0,542.5,24,22.6,4.4,22.6,47,1,..34.6.89.1.3.56.8.0.2.4.6.8
4507,6637,23,"Bazemore, Kent",Por,4200,300,623.8,34,18.3,4.4,18.3,14,2,1.3.5.7.9.1.3.5.78.0..3..6..
4607,2488653,45,"Plumlee, Mason",Den,4400,0,632.5,33,19.2,4.4,19.2,4.5,1,.2.4.6.8..12..56..90.2.4.6.8
4810,0,34,"Hollis-Jefferson, Rondae",Tor,4300,0,495.5,26,19.1,4.4,19.1,22.8,1,.2.4..78...2..5.78.0.2.4.6.8
5133,0,12,"Monk, Malik",Cha,3900,0,599,35,17.1,4.4,17.1,10,1,.2.4.6.8.0.23.5....0...4...8
5184,0,23,"Brown, Sterling",Mil,3100,100,344.5,25,13.8,4.4,13.8,0,2,1..4.6.8.01..4.6.8.0...4...8
5714,0,45,"Bagley, Marvin",Sac,5800,0,231.5,9,25.7,4.4,25.7,0,1,.2.4.67..0..3.5..8.0.2.4..7.
3783,2778,23,"Miles, C.J.",Was,3000,0,128.5,10,12.8,4.3,12.8,0,2,1.34.6.8.0.2..5.7..0.23..6.8
4564,2326307,12,"Curry, Seth",Dal,3900,0,515.8,31,16.6,4.3,16.6,21,1,.2.4.6.8.01..45.7...1.3.5.78
4571,2528353,23,"Snell, Tony",Det,3300,0,424.5,30,14.2,4.3,14.2,8.5,2,.2.45.7.9.1.3.5..8.0.2.45.7.
4756,2530276,12,"Johnson, Tyler",Pho,3000,0,280.8,22,12.8,4.3,12.8,0,2,1.3.5.7..0.2.4.6.8.0.2.4.6.8
4835,0,45,"Holmes, Richaun",Sac,7100,0,1027.3,34,30.2,4.3,30.2,43,1,.2.4.67..0..3.5..8.0.2.4..7.
5860,0,1,"Garland, Darius",Cle,4500,0,632,33,19.2,4.3,19.2,21.8,1,.2.45.7.9.1.34..78.0..3.5.78
4164,4032,23,"Matthews, Wes",Mil,3600,200,493.3,33,14.9,4.2,14.9,0,2,1..4.6.8.01..4.6.8.0...4...8
4167,3986,45,"Gibson, Taj",NYK,3100,-300,394,30,13.1,4.2,13.1,10.8,4,1.3.5.78.0.2.4.6.8.0.2.4.6.8
4458,6427,5,"Biyombo, Bismack",Cha,4400,0,624.3,34,18.4,4.2,18.4,14.8,1,.2.4.6.8.0.23.5....0...4...8
4628,2528210,23,"Hardaway Jr., Tim",Dal,5200,0,693.5,32,21.7,4.2,21.7,0,1,.2.4.6.8.01..45.7...1.3.5.78
4653,2594922,34,"Porter, Otto",Chi,5000,0,189.3,9,21,4.2,21,0,2,.2.4.6.8.01.3.5.78.0.2.45.7.
4806,0,45,"Lyles, Trey",SAS,3500,0,476,32,14.9,4.2,14.9,10.2,1,.2.4.6.8.0.2..5.7.90.2.4.67.
4811,0,23,"Connaughton, Pat",Mil,3600,100,495,33,15,4.2,15,26.2,2,1..4.6.8.01..4.6.8.0...4...8
4932,0,34,"Finney-Smith, Dorian",Dal,4700,0,655.3,33,19.9,4.2,19.9,11.5,1,.2.4.6.8.01..45.7...1.3.5.78
4980,0,13,"Satoransky, Tomas",Chi,6100,0,869,34,25.6,4.2,25.6,23,2,.2.4.6.8.01.3.5.78.0.2.45.7.
5182,0,3,"O'Neale, Royce",Uta,4500,0,626.3,33,19,4.2,19,7.8,2,.2.4.6.8.0.2.4.6.8.0.2..5.7.
5216,0,34,"Kuzma, Kyle",LAL,4600,-200,458.3,24,19.1,4.2,19.1,7.8,3,1.3.5.7..01.3.5..8.0.23.5..8
3777,2774,5,"Mahinmi, Ian",Was,5300,900,263.3,12,21.9,4.1,21.9,41.8,2,1.34.6.8.0.2..5.7..0.23..6.8
4280,4257,45,"Favors, Derrick",Nor,6500,0,484.5,18,26.9,4.1,26.9,38,3,..34.6.8.01.3..6.8.0.2.4.6.8
4616,2581018,23,"Caldwell-Pope, Kentavious",LAL,4200,-200,566.5,33,17.2,4.1,17.2,30.2,3,1.3.5.7..01.3.5..8.0.23.5..8
4773,3892818,1,"Mudiay, Emmanuel",Uta,3500,0,435.3,30,14.5,4.1,14.5,11,2,.2.4.6.8.0.2.4.6.8.0.2..5.7.
4792,0,23,"Powell, Norman",Tor,6100,0,674.3,27,25,4.1,25,0,1,.2.4..78...2..5.78.0.2.4.6.8
4945,0,13,"Dunn, Kris",Chi,5000,0,692.3,34,20.4,4.1,20.4,10.5,2,.2.4.6.8.01.3.5.78.0.2.45.7.
5212,0,1,"Smith Jr., Dennis",NYK,3200,200,274.5,21,13.1,4.1,13.1,0,4,1.3.5.78.0.2.4.6.8.0.2.4.6.8
5705,0,34,"Knox, Kevin",NYK,3800,-100,503,32,15.7,4.1,15.7,11.5,4,1.3.5.78.0.2.4.6.8.0.2.4.6.8
5733,0,1,"McLaughlin, Jordan",Min,3300,-300,67.3,5,13.4,4.1,13.4,0,2,12..5.7.9.1.3.5.78.0.2.45.7.
5861,0,23,"Porter, Kevin",Cle,4200,0,553,32,17.3,4.1,17.3,23.5,1,.2.45.7.9.1.34..78.0..3.5.78
5906,0,23,"Thybulle, Matisse",Phi,3000,0,372,30,12.4,4.1,12.4,0,1,..3..6..9.1.3.5.78.0.2..5..8
4697,2579321,34,"Ennis, James",Phi,3500,0,510,36,14.2,4,14.2,12,1,..3..6..9.1.3.5.78.0.2..5..8
4699,2583639,1,"Payton, Elfrid",NYK,6100,-400,390.5,16,24.4,4,24.4,20,4,1.3.5.78.0.2.4.6.8.0.2.4.6.8
4701,2968436,23,"Ingles, Joe",Uta,6100,0,808.8,33,24.5,4,24.5,24.8,2,.2.4.6.8.0.2.4.6.8.0.2..5.7.
4776,0,34,"Hezonja, Mario",Por,3000,0,298.5,25,11.9,4,11.9,0,2,1.3.5.7.9.1.3.5.78.0..3..6..
4804,0,34,"Graham, Treveon",Min,3000,-200,350.5,29,12.1,4,12.1,0,2,12..5.7.9.1.3.5.78.0.2.45.7.
4893,0,5,"Marjanovic, Boban",Dal,3000,0,179,15,11.9,4,11.9,12.5,1,.2.4.6.8.01..45.7...1.3.5.78
4901,0,23,"Valentine, Denzel",Chi,3200,0,256.5,20,12.8,4,12.8,11,2,.2.4.6.8.01.3.5.78.0.2.45.7.
4941,0,34,"Jones, Derrick",Mia,4400,0,333.3,19,17.5,4,17.5,22,2,.23.5..8.0.2..5.7.90.2.4..78
5157,0,23,"Korkmaz, Furkan",Phi,3600,0,498.5,35,14.2,4,14.2,12.2,1,..3..6..9.1.3.5.78.0.2..5..8
5200,0,12,"Mitrou-Long, Nazareth",Ind,3000,0,36,3,12,4,12,0,1,.2.4.6.8.0..3.5.7.90.2.4.6..
5699,0,23,"Brown Jr., Troy",Was,5500,-300,639.3,29,22,4,22,13,2,1.34.6.8.0.2..5.7..0.23..6.8
5700,0,5,"Robinson, Mitchell",NYK,6300,0,725.3,29,25,4,25,26.2,4,1.3.5.78.0.2.4.6.8.0.2.4.6.8
4104,3439,45,"Ibaka, Serge",Tor,7300,0,689.5,24,28.7,3.9,28.7,40.5,1,.2.4..78...2..5.78.0.2.4.6.8
4525,6592,5,"Henson, John",Cle,3500,0,203.5,15,13.6,3.9,13.6,5.5,1,.2.45.7.9.1.34..78.0..3.5.78
4589,2578213,23,"McLemore, Ben",Hou,4400,0,586,34,17.2,3.9,17.2,13.8,1,..3....89.1..45..8.0.2.4.67.
4911,0,23,"Lee, Damion",GSW,6200,0,513.5,21,24.5,3.9,24.5,32.8,1,.2.4.6.8.0.2.4.6.8.0.2.4...8
4916,0,34,"House, Danuel",Hou,5600,0,618,28,22.1,3.9,22.1,16,1,..3....89.1..45..8.0.2.4.67.
5727,0,12,"Goodwin, Brandon",Atl,3000,0,58.3,5,11.7,3.9,11.7,40.2,2,..34.6.8.0.2.4..78.0.2.4.6.8
5814,0,45,"Smailagic, Alen",GSW,3000,0,34.8,3,11.6,3.9,11.6,14.8,1,.2.4.6.8.0.2.4.6.8.0.2.4...8
5887,0,12,"Alexander-Walker, Nickeil",Nor,3000,0,315.3,27,11.7,3.9,11.7,0,3,..34.6.8.01.3..6.8.0.2.4.6.8
5928,0,12,"Jerome, Ty",Pho,3000,0,116.8,10,11.7,3.9,11.7,0,2,1.3.5.7..0.2.4.6.8.0.2.4.6.8
3765,2767,45,"Ilyasova, Ersan",Mil,5000,-600,601.5,32,18.8,3.8,18.8,32.2,2,1..4.6.8.01..4.6.8.0...4...8
4405,6446,12,"Joseph, Cory",Sac,4600,0,588,34,17.3,3.8,17.3,13.2,1,.2.4.67..0..3.5..8.0.2.4..7.
4488,6622,34,"Scott, Mike",Phi,3200,0,435,36,12.1,3.8,12.1,7.2,1,..3..6..9.1.3.5.78.0.2..5..8
4521,6605,45,"Leonard, Meyers",Mia,3800,0,478.3,33,14.5,3.8,14.5,16.8,2,.23.5..8.0.2..5.7.90.2.4..78
4572,2580913,5,"Dedmon, Dewayne",Sac,3000,0,263.5,23,11.5,3.8,11.5,0,1,.2.4.67..0..3.5..8.0.2.4..7.
4761,3078284,45,"Vonleh, Noah",Min,3100,-200,258.5,22,11.8,3.8,11.8,0,2,12..5.7.9.1.3.5.78.0.2.45.7.
4765,2991070,45,"Grant, Jerami",Den,4600,0,584.3,33,17.7,3.8,17.7,8,1,.2.4.6.8..12..56..90.2.4.6.8
5179,0,23,"Bacon, Dwayne",Cha,3000,0,298.3,26,11.5,3.8,11.5,18.2,1,.2.4.6.8.0.23.5....0...4...8
5701,0,12,"Trier, Allonzo",NYK,3000,-100,182.5,16,11.4,3.8,11.4,0.8,4,1.3.5.78.0.2.4.6.8.0.2.4.6.8
5880,0,23,"Reddish, Cam",Atl,4700,0,553.3,31,17.8,3.8,17.8,10.8,2,..34.6.8.0.2.4..78.0.2.4.6.8
5932,0,12,"Culver, Jarrett",Min,4800,1100,561.5,31,18.1,3.8,18.1,41.2,2,12..5.7.9.1.3.5.78.0.2.45.7.
3547,2011,23,"Korver, Kyle",Mil,3200,-100,359.3,30,12,3.7,12,16.2,2,1..4.6.8.01..4.6.8.0...4...8
3621,2426,34,"Ariza, Trevor",Sac,4200,0,388.3,25,15.5,3.7,15.5,5,1,.2.4.67..0..3.5..8.0.2.4..7.
4077,3431,23,"Gordon, Eric",Hou,4700,0,193.8,11,17.6,3.7,17.6,17.2,1,..3....89.1..45..8.0.2.4.67.
4529,6615,45,"O'Quinn, Kyle",Phi,3000,0,221.8,20,11.1,3.7,11.1,27.5,1,..3..6..9.1.3.5.78.0.2..5..8
4676,2608891,34,"Sampson, JaKarr",Ind,3000,0,111.8,10,11.2,3.7,11.2,0,1,.2.4.6.8.0..3.5.7.90.2.4.6..
4832,0,12,"McRae, Jordan",Was,5800,1200,342.5,16,21.4,3.7,21.4,55,2,1.34.6.8.0.2..5.7..0.23..6.8
5127,0,3,"Nader, Abdel",OKC,3100,0,299,26,11.5,3.7,11.5,4,1,.2.4.67.9.1.3.5.78.0.2.45.7.
5135,0,34,"Jackson, Justin",Dal,3000,0,320.3,29,11,3.7,11,19,1,.2.4.6.8.01..45.7...1.3.5.78
5222,0,23,"Dotson, Damyean",NYK,3200,-200,346.5,29,11.9,3.7,11.9,14.2,4,1.3.5.78.0.2.4.6.8.0.2.4.6.8
5711,0,12,"Okobo, Elie",Pho,3000,-200,263.3,24,11,3.7,11,5,2,1.3.5.7..0.2.4.6.8.0.2.4.6.8
5732,0,12,"Pinson, Theo",Bkn,3000,0,230.3,21,11,3.7,11,0,2,.2.4.67..0.2.45..8.0..3.56..
5747,0,12,"Holiday, Aaron",Ind,5800,0,678.8,32,21.2,3.7,21.2,26.2,1,.2.4.6.8.0..3.5.7.90.2.4.6..
5754,0,12,"Huerter, Kevin",Atl,6000,0,505.5,23,22,3.7,22,38.5,2,..34.6.8.0.2.4..78.0.2.4.6.8
5889,0,45,"Melli, Nicolo",Nor,3000,0,287.8,26,11.1,3.7,11.1,0,3,..34.6.8.01.3..6.8.0.2.4.6.8
2448,136,34,"Carter, Vince",Atl,3000,0,301.3,28,10.8,3.6,10.8,10.2,2,..34.6.8.0.2.4..78.0.2.4.6.8
4674,2531367,5,"Powell, Dwight",Dal,5700,0,609.3,30,20.3,3.6,20.3,25,1,.2.4.6.8.01..45.7...1.3.5.78
5726,0,12,"Carter, Jevon",Pho,3000,0,249,23,10.8,3.6,10.8,3.2,2,1.3.5.7..0.2.4.6.8.0.2.4.6.8
4902,0,23,"McCaw, Patrick",Tor,4200,0,193.8,13,14.9,3.5,14.9,19.5,1,.2.4..78...2..5.78.0.2.4.6.8
5144,0,23,"Sumner, Edmond",Ind,3000,0,114.3,11,10.4,3.5,10.4,1.5,1,.2.4.6.8.0..3.5.7.90.2.4.6..
5838,0,23,"Guduric, Marko",Mem,3000,0,272.3,26,10.5,3.5,10.5,0,3,.2.45.7..0.2.4..7..0.2.4.6.8
5852,0,23,"Martin, Cody",Cha,3200,0,305.5,27,11.3,3.5,11.3,11.8,1,.2.4.6.8.0.23.5....0...4...8
5901,0,12,"Davis, Terence",Tor,4400,0,517.5,34,15.2,3.5,15.2,27,1,.2.4..78...2..5.78.0.2.4.6.8
4302,4264,45,"Patterson, Patrick",LAC,3400,0,356.8,31,11.5,3.4,11.5,0,1,.2.45....0.2.4.6.8..12.4.6.8
4483,6617,12,"Rivers, Austin",Hou,4500,0,490.5,32,15.3,3.4,15.3,1.5,1,..3....89.1..45..8.0.2.4.67.
4561,2531210,23,"Crabbe, Allen",Atl,3500,0,249.3,21,11.9,3.4,11.9,6.2,2,..34.6.8.0.2.4..78.0.2.4.6.8
5693,0,3,"Bonga, Isaac",Was,3000,-100,277,27,10.3,3.4,10.3,9,2,1.34.6.8.0.2..5.7..0.23..6.8
5695,0,45,"Williams, Johnathan",Was,3700,-600,38,3,12.7,3.4,12.7,5.2,2,1.34.6.8.0.2..5.7..0.23..6.8
3974,3190,23,"Belinelli, Marco",SAS,3100,0,306.5,30,10.2,3.3,10.2,4,1,.2.4.6.8.0.2..5.7.90.2.4.67.
4318,4239,12,"Turner, Evan",Atl,3000,0,178.5,18,9.9,3.3,9.9,0,2,..34.6.8.0.2.4..78.0.2.4.6.8
4650,2488826,23,"McGruder, Rodney",LAC,3000,0,229,23,10,3.3,10,12.2,1,.2.45....0.2.4.6.8..12.4.6.8
4694,2530780,12,"Napier, Shabazz",Min,5800,1100,364,19,19.2,3.3,19.2,43.2,2,12..5.7.9.1.3.5.78.0.2.45.7.
4717,2488945,1,"Frazier, Tim",Det,3600,0,239.5,20,12,3.3,12,14.2,2,.2.45.7.9.1.3.5..8.0.2.45.7.
4957,0,45,"Diallo, Cheick",Pho,3000,0,208.5,21,9.9,3.3,9.9,0,2,1.3.5.7..0.2.4.6.8.0.2.4.6.8
4999,0,12,"Beasley, Malik",Den,3500,0,304.8,26,11.7,3.3,11.7,15,1,.2.4.6.8..12..56..90.2.4.6.8
5109,0,23,"Nwaba, David",Bkn,3300,0,220.3,20,11,3.3,11,0,2,.2.4.67..0.2.45..8.0..3.56..
5225,0,23,"Ferguson, Terrance",OKC,3200,0,284,27,10.5,3.3,10.5,1.2,1,.2.4.67.9.1.3.5.78.0.2.45.7.
5675,0,34,"Bates-Diop, Keita",Min,4100,1100,269,20,13.4,3.3,13.4,33.2,2,12..5.7.9.1.3.5.78.0.2.45.7.
5881,0,5,"Fernando, Bruno",Atl,3000,0,327.3,33,9.9,3.3,9.9,5.8,2,..34.6.8.0.2.4..78.0.2.4.6.8
5913,0,5,"Silva, Chris",Mia,3000,0,260.5,26,10,3.3,10,2.8,2,.23.5..8.0.2..5.7.90.2.4..78
4112,3447,5,"Lopez, Robin",Mil,3600,0,409,35,11.7,3.2,11.7,29,2,1..4.6.8.01..4.6.8.0...4...8
5894,0,5,"Gafford, Daniel",Chi,3100,0,237,24,9.9,3.2,9.9,22,2,.2.4.6.8.01.3.5.78.0.2.45.7.
5937,0,34,"Little, Nassir",Por,3000,0,222.5,23,9.7,3.2,9.7,1.8,2,1.3.5.7.9.1.3.5.78.0..3..6..
4382,6448,12,"Knight, Brandon",Cle,3000,0,93,10,9.3,3.1,9.3,0,1,.2.45.7.9.1.34..78.0..3.5.78
4532,6601,34,"Kidd-Gilchrist, Michael",Cha,3100,0,107,11,9.7,3.1,9.7,0,1,.2.4.6.8.0.23.5....0...4...8
4615,2579260,12,"Burke, Trey",Phi,4300,0,229.8,17,13.5,3.1,13.5,12.2,1,..3..6..9.1.3.5.78.0.2..5..8
4962,0,12,"Arcidiacono, Ryan",Chi,3100,0,323.5,34,9.5,3.1,9.5,8.8,2,.2.4.6.8.01.3.5.78.0.2.45.7.
5117,0,45,"Boucher, Chris",Tor,4800,0,461.3,31,14.9,3.1,14.9,15.5,1,.2.4..78...2..5.78.0.2.4.6.8
5125,0,45,"Bell, Jordan",Min,3000,0,177,19,9.3,3.1,9.3,3,2,12..5.7.9.1.3.5.78.0.2.45.7.
5166,0,5,"Bradley, Tony",Uta,3000,0,203.5,22,9.2,3.1,9.2,18.8,2,.2.4.6.8.0.2.4.6.8.0.2..5.7.
5167,0,45,"Giles, Harry",Sac,3000,0,83.5,9,9.3,3.1,9.3,12.5,1,.2.4.67..0..3.5..8.0.2.4..7.
5168,0,12,"Jackson, Frank",Nor,3000,0,250.3,27,9.3,3.1,9.3,0,3,..34.6.8.01.3..6.8.0.2.4.6.8
4049,3276,45,"Tolliver, Anthony",Por,3200,200,233,24,9.7,3,9.7,12.5,2,1.3.5.7.9.1.3.5.78.0..3..6..
4632,2534781,5,"Dieng, Gorgui",Min,6400,0,543.8,28,19.4,3,19.4,48.5,2,12..5.7.9.1.3.5.78.0.2.45.7.
5767,0,34,"Musa, Dzanan",Bkn,3000,0,208.3,23,9.1,3,9.1,0,2,.2.4.67..0.2.45..8.0..3.56..
5808,0,23,"James, Justin",Sac,3000,0,133.5,15,8.9,3,8.9,2.2,1,.2.4.67..0..3.5..8.0.2.4..7.
5809,0,45,"Bitadze, Goga",Ind,3000,0,232.3,26,8.9,3,8.9,11.8,1,.2.4.6.8.0..3.5.7.90.2.4.6..
5813,0,45,"Claxton, Nicolas",Bkn,3000,0,80,9,8.9,3,8.9,0,2,.2.4.67..0.2.45..8.0..3.56..
4185,3981,23,"Ellington, Wayne",NYK,3000,0,155.8,18,8.7,2.9,8.7,0,4,1.3.5.78.0.2.4.6.8.0.2.4.6.8
4276,4259,5,"Davis, Ed",Uta,3000,0,167.3,19,8.8,2.9,8.8,0,2,.2.4.6.8.0.2.4.6.8.0.2..5.7.
4610,2489716,12,"Dellavedova, Matthew",Cle,3200,0,285.5,31,9.2,2.9,9.2,9.2,1,.2.45.7.9.1.34..78.0..3.5.78
4863,0,1,"Cook, Quinn",LAL,3000,0,190.3,22,8.6,2.9,8.6,0,3,1.3.5.7..01.3.5..8.0.23.5..8
4913,0,45,"Bender, Dragan",Mil,3000,-300,26.5,3,8.8,2.9,8.8,0,2,1..4.6.8.01..4.6.8.0...4...8
4970,0,12,"Ferrell, Yogi",Sac,3500,0,268.3,26,10.3,2.9,10.3,0,1,.2.4.67..0..3.5..8.0.2.4..7.
5692,0,23,"Mykhailiuk, Sviatoslav",Det,4000,0,338,29,11.7,2.9,11.7,22.2,2,.2.45.7.9.1.3.5..8.0.2.45.7.
5849,0,1,"Waters, Tremont",Bos,3000,0,26,3,8.7,2.9,8.7,0,1,..34.6.89.1.3.56.8.0.2.4.6.8
5904,0,5,"Pelle, Norvel",Phi,3000,0,70,8,8.8,2.9,8.8,9.2,1,..3..6..9.1.3.5.78.0.2..5..8
4708,3113297,45,"Caboclo, Bruno",Mem,3000,0,176,21,8.4,2.8,8.4,0,3,.2.45.7..0.2.4..7..0.2.4.6.8
4807,0,1,"Neto, Raul",Phi,3000,0,245.5,29,8.5,2.8,8.5,8.8,1,..3..6..9.1.3.5.78.0.2..5..8
4918,0,23,"Luwawu, Timothe",Bkn,3400,0,96,10,9.6,2.8,9.6,19.8,2,.2.4.67..0.2.45..8.0..3.56..
5204,0,23,"Craig, Torrey",Den,3000,0,190.3,23,8.3,2.8,8.3,6.8,1,.2.4.6.8..12..56..90.2.4.6.8
5746,0,45,"Hartenstein, Isaiah",Hou,5400,0,184.5,12,15.4,2.8,15.4,35.5,1,..3....89.1..45..8.0.2.4.67.
5934,0,3,"Martin, Kelan",Min,4000,700,145.5,13,11.2,2.8,11.2,22.8,2,12..5.7.9.1.3.5.78.0.2.45.7.
4168,3999,34,"Johnson, James",Mia,3000,0,48.8,6,8.1,2.7,8.1,0,2,.23.5..8.0.2..5.7.90.2.4..78
4935,0,45,"Maker, Thon",Det,3000,0,260,32,8.1,2.7,8.1,4,2,.2.45.7.9.1.3.5..8.0.2.45.7.
5146,0,45,"Wilson, D.J.",Mil,3000,0,154.5,19,8.1,2.7,8.1,0,2,1..4.6.8.01..4.6.8.0...4...8
5152,0,23,"Iwundu, Wes",Orl,3000,-200,156.5,19,8.2,2.7,8.2,12,2,1.34.6.8.0..3.56.8.0.2.4.67.
5160,0,45,"Leaf, TJ",Ind,3000,0,167.5,21,8,2.7,8,1.2,1,.2.4.6.8.0..3.5.7.90.2.4.6..
5249,0,13,"Harrison, Shaquille",Chi,3000,0,163.3,20,8.2,2.7,8.2,2.8,2,.2.4.6.8.01.3.5.78.0.2.45.7.
5679,0,45,"Eubanks, Drew",SAS,3000,0,40,5,8,2.7,8,0,1,.2.4.6.8.0.2..5.7.90.2.4.67.
5845,0,5,"Fall, Tacko",Bos,3000,0,24.3,3,8.1,2.7,8.1,0,1,..34.6.89.1.3.56.8.0.2.4.6.8
5846,0,34,"Williams, Grant",Bos,3200,0,251.5,29,8.7,2.7,8.7,2.5,1,..34.6.89.1.3.56.8.0.2.4.6.8
5872,0,23,"Mathews, Garrison",Was,3400,400,99.3,11,9,2.7,9,34.5,2,1.34.6.8.0.2..5.7..0.23..6.8
5915,0,34,"Bazley, Darius",OKC,4200,0,372.3,33,11.3,2.7,11.3,7.2,1,.2.4.67.9.1.3.5.78.0.2.45.7.
5119,0,5,"Zizic, Ante",Cle,3000,0,84.5,11,7.7,2.6,7.7,0,1,.2.45.7.9.1.34..78.0..3.5.78
5673,0,13,"Evans III, Jacob",GSW,3000,0,109.3,14,7.8,2.6,7.8,4.5,1,.2.4.6.8.0.2.4.6.8.0.2.4...8
5756,0,23,"Walker, Lonnie",SAS,3200,0,201,24,8.4,2.6,8.4,13.2,1,.2.4.6.8.0.2..5.7.90.2.4.67.
5903,0,2,"Thomas, Matt",Tor,3000,0,92.3,12,7.7,2.6,7.7,0,1,.2.4..78...2..5.78.0.2.4.6.8
4461,6466,34,"Parsons, Chandler",Atl,3000,0,37.8,5,7.5,2.5,7.5,0,2,..34.6.8.0.2.4..78.0.2.4.6.8
4658,2489530,2,"Daniels, Troy",LAL,3000,0,179.5,24,7.5,2.5,7.5,2,3,1.3.5.7..01.3.5..8.0.23.5..8
4659,2490089,45,"Muscala, Mike",OKC,3000,0,147,20,7.3,2.5,7.3,0,1,.2.4.67.9.1.3.5.78.0.2.45.7.
5015,0,34,"Niang, Georges",Uta,3100,0,212.8,27,7.9,2.5,7.9,3.5,2,.2.4.6.8.0.2.4.6.8.0.2..5.7.
5691,0,2,"Robinson, Jerome",LAC,3000,0,205.8,27,7.6,2.5,7.6,4.5,1,.2.45....0.2.4.6.8..12.4.6.8
5931,0,45,"Reid, Naz",Min,3900,900,28.8,3,9.6,2.5,9.6,24,2,12..5.7.9.1.3.5.78.0.2.45.7.
5113,0,12,"Allen, Kadeem",NYK,3000,0,14.5,2,7.2,2.4,7.2,0,4,1.3.5.78.0.2.4.6.8.0.2.4.6.8
5666,0,23,"Broekhoff, Ryan",Dal,3000,0,70.5,10,7,2.4,7,0,1,.2.4.6.8.01..45.7...1.3.5.78
5724,0,45,"Clark, Gary",Hou,3800,0,164,18,9.1,2.4,9.1,4.8,1,..3....89.1..45..8.0.2.4.67.
5848,0,1,"Edwards, Carsen",Bos,3000,0,175.8,24,7.3,2.4,7.3,0,1,..34.6.89.1.3.56.8.0.2.4.6.8
4203,3970,3,"Carroll, DeMarre",SAS,3000,0,89,13,6.8,2.3,6.8,0,1,.2.4.6.8.0.2..5.7.90.2.4.67.
4990,0,34,"Hernangomez, Juan",Den,3400,0,161.3,21,7.7,2.3,7.7,0,1,.2.4.6.8..12..56..90.2.4.6.8
5115,0,34,"Ojeleye, Semi",Bos,3000,0,207.3,30,6.9,2.3,6.9,11.8,1,..34.6.89.1.3.56.8.0.2.4.6.8
5698,0,34,"Porter, Michael",Den,4500,0,248,24,10.3,2.3,10.3,11.2,1,.2.4.6.8..12..56..90.2.4.6.8
5703,0,12,"Milton, Shake",Phi,3000,0,75.8,11,6.9,2.3,6.9,20.2,1,..3..6..9.1.3.5.78.0.2..5..8
5735,0,34,"Kurucs, Rodions",Bkn,3000,0,118.3,17,7,2.3,7,8,2,.2.4.67..0.2.45..8.0..3.56..
5870,0,34,"Schofield, Admiral",Was,3000,-200,132.3,19,7,2.3,7,-0.5,2,1.34.6.8.0.2..5.7..0.23..6.8
3307,984,5,"Chandler, Tyson",Hou,3000,0,143.8,22,6.5,2.2,6.5,0,1,..3....89.1..45..8.0.2.4.67.
3931,3028,34,"Sefolosha, Thabo",Hou,3000,0,149,23,6.5,2.2,6.5,0,1,..3....89.1..45..8.0.2.4.67.
4820,0,45,"Looney, Kevon",GSW,3500,0,75.8,10,7.6,2.2,7.6,0,1,.2.4.6.8.0.2.4.6.8.0.2.4...8
5240,0,45,"Kornet, Luke",Chi,3000,0,113,17,6.6,2.2,6.6,4.8,2,.2.4.6.8.01.3.5.78.0.2.45.7.
5663,0,2,"Trent Jr., Gary",Por,3400,400,156.3,21,7.4,2.2,7.4,18.8,2,1.3.5.7.9.1.3.5.78.0..3..6..
4949,0,5,"Hernangomez, Guillermo",Cha,3000,0,76.5,12,6.4,2.1,6.4,6,1,.2.4.6.8.0.23.5....0...4...8
5797,0,1,"Clemons, Chris",Hou,4000,0,184,22,8.4,2.1,8.4,4,1,..3....89.1..45..8.0.2.4.67.
5856,0,12,"Mann, Terance",LAC,3000,0,138.3,22,6.3,2.1,6.3,0,1,.2.45....0.2.4.6.8..12.4.6.8
4110,3445,23,"Lee, Courtney",Dal,3000,0,47.8,8,6,2,6,0,1,.2.4.6.8.01..45.7...1.3.5.78
5230,0,34,"McKinnie, Alfonzo",Cle,3000,0,126.5,21,6,2,6,0,1,.2.45.7.9.1.34..78.0..3.5.78
5680,0,45,"Metu, Chimezie",SAS,3000,0,54.5,9,6.1,2,6.1,0,1,.2.4.6.8.0.2..5.7.90.2.4.67.
5916,0,1,"Dort, Luguentz",OKC,3000,0,43,7,6.1,2,6.1,0,1,.2.4.67.9.1.3.5.78.0.2.45.7.
4707,3102528,12,"Exum, Dante",Cle,3300,0,86,14,6.1,1.9,6.1,7.2,1,.2.45.7.9.1.34..78.0..3.5.78
5198,0,1,"Walton Jr., Derrick",LAC,3000,0,96.5,17,5.7,1.9,5.7,15,1,.2.45....0.2.4.6.8..12.4.6.8
5933,0,12,"Nowell, Jaylen",Min,3000,0,28.5,5,5.7,1.9,5.7,0,2,12..5.7.9.1.3.5.78.0.2.45.7.
5752,0,23,"Burton, Deonte",OKC,3000,0,90.8,18,5,1.7,5,0,1,.2.4.67.9.1.3.5.78.0.2.45.7.
5834,0,34,"Brantley, Jarrell",Uta,3000,0,10,2,5,1.7,5,0,2,.2.4.6.8.0.2.4.6.8.0.2..5.7.
5842,0,2,"Green, Javonte",Bos,3100,0,133.8,25,5.3,1.7,5.3,7.2,1,..34.6.89.1.3.56.8.0.2.4.6.8
5843,0,5,"Poirier, Vincent",Bos,3000,0,44.8,9,5,1.7,5,0,1,..34.6.89.1.3.56.8.0.2.4.6.8
5803,0,45,"Kabengele, Mfiondu",LAC,3000,0,47,10,4.7,1.6,4.7,0,1,.2.45....0.2.4.6.8..12.4.6.8
5844,0,23,"Langford, Romeo",Bos,3300,0,41.3,8,5.2,1.6,5.2,2,1,..34.6.89.1.3.56.8.0.2.4.6.8
5855,0,23,"Martin, Caleb",Cha,3000,0,24.3,5,4.8,1.6,4.8,0,1,.2.4.6.8.0.23.5....0...4...8
3535,2184,4,"Haslem, Udonis",Mia,3000,0,8.8,2,4.4,1.5,4.4,0,2,.23.5..8.0.2..5.7.90.2.4..78
3985,3201,34,"Dudley, Jared",LAL,3000,-200,101.5,23,4.4,1.5,4.4,2.5,3,1.3.5.7..01.3.5..8.0.23.5..8
4869,0,34,"Antetokounmpo, Thanasis",Mil,3000,-200,41,9,4.6,1.5,4.6,0,2,1..4.6.8.01..4.6.8.0...4...8
4975,0,1,"Magette, Josh",Orl,3000,0,16.3,4,4.1,1.4,4.1,0,2,1.34.6.8.0..3.56.8.0.2.4.67.
5153,0,12,"Mason III, Frank",Mil,3000,0,17,4,4.2,1.4,4.2,0,2,1..4.6.8.01..4.6.8.0...4...8
5715,0,34,"Gabriel, Wenyen",Sac,3000,0,37.5,9,4.2,1.4,4.2,0,1,.2.4.67..0..3.5..8.0.2.4..7.
5862,0,34,"King, Louis",Det,3000,0,13,3,4.3,1.4,4.3,0,2,.2.45.7.9.1.3.5..8.0.2.45.7.
5936,0,5,"Brown, Moses",Por,3000,0,20.3,5,4,1.4,4,-0.5,2,1.3.5.7.9.1.3.5.78.0..3..6..
5939,0,34,"Hoard, Jaylen",Por,3000,0,20.8,5,4.2,1.4,4.2,0,2,1.3.5.7.9.1.3.5.78.0..3..6..
5753,0,34,"Watanabe, Yuta",Mem,3000,0,15.3,4,3.8,1.3,3.8,0,3,.2.45.7..0.2.4..7..0.2.4.6.8
5764,0,4,"Johnson, Alize",Ind,3000,0,39.5,10,4,1.3,4,0,1,.2.4.6.8.0..3.5.7.90.2.4.6..
5798,0,1,"Ponds, Shamorie",Tor,3000,0,15.8,4,3.9,1.3,3.9,5.5,1,.2.4..78...2..5.78.0.2.4.6.8
5871,0,1,"Robinson, Justin",Was,3000,0,30.3,8,3.8,1.3,3.8,0,2,1.34.6.8.0.2..5.7..0.23..6.8
5900,0,34,"Brissett, Oshae",Tor,3000,0,34.5,9,3.8,1.3,3.8,6,1,.2.4..78...2..5.78.0.2.4.6.8
4838,0,34,"Johnson, Stanley",Tor,3000,0,28.3,8,3.5,1.2,3.5,2,1,.2.4..78...2..5.78.0.2.4.6.8
5902,0,45,"Hernandez, Dewan",Tor,3000,0,14.3,4,3.6,1.2,3.6,0,1,.2.4..78...2..5.78.0.2.4.6.8
5192,0,45,"Motley, Johnathan",LAC,3000,0,17,5,3.4,1.1,3.4,2,1,.2.45....0.2.4.6.8..12.4.6.8
5882,0,23,"Brown, Charlie",Atl,3000,0,13.3,4,3.3,1.1,3.3,0,2,..34.6.8.0.2.4..78.0.2.4.6.8
5886,0,34,"Cheatham, Zylan",Nor,3000,0,6.8,2,3.4,1.1,3.4,0,3,..34.6.8.01.3..6.8.0.2.4.6.8
5898,0,23,"Tucker, Rayjon",Uta,3000,0,3.3,1,3.2,1.1,3.2,3.2,2,.2.4.6.8.0.2.4.6.8.0.2..5.7.
5940,0,45,"Cook, Tyler",Cle,3000,0,19.8,6,3.3,1.1,3.3,0,1,.2.45.7.9.1.34..78.0..3.5.78
4886,0,23,"Miller, Malcolm",Tor,3100,0,60.5,19,3.2,1,3.2,1.5,1,.2.4..78...2..5.78.0.2.4.6.8
5847,0,2,"Strus, Max",Chi,3000,0,6.3,2,3.1,1,3.1,0,2,.2.4.6.8.01.3.5.78.0.2.45.7.
5876,0,34,"Brazdeikis, Ignas",NYK,3000,0,24.8,8,3.1,1,3.1,0,4,1.3.5.78.0.2.4.6.8.0.2.4.6.8
5178,0,45,"Swanigan, Caleb",Sac,3000,0,13.3,5,2.6,0.9,2.6,0,1,.2.4.67..0..3.5..8.0.2.4..7.
5857,0,4,"Wade, Dean",Cle,3000,0,8,3,2.7,0.9,2.7,0,1,.2.45.7.9.1.34..78.0..3.5.78
5945,0,34,"McDaniels, Jalen",Cha,3000,0,5.3,2,2.6,0.9,2.6,0,1,.2.4.6.8.0.23.5....0...4...8
5246,0,1,"Gray, Josh",Nor,3000,0,5,2,2.5,0.8,2.5,0,3,..34.6.8.01.3..6.8.0.2.4.6.8
5820,0,23,"Horton-Tucker, Talen",LAL,3000,0,5,2,2.5,0.8,2.5,0,3,1.3.5.7..01.3.5..8.0.23.5..8
5828,0,23,"Jeffries, DaQuan",Sac,3000,0,4.8,2,2.4,0.8,2.4,0,1,.2.4.67..0..3.5..8.0.2.4..7.
5176,0,5,"Patton, Justin",OKC,3000,0,4,2,2,0.7,2,0,1,.2.4.67.9.1.3.5.78.0.2.45.7.
5210,0,45,"Jefferson, Amile",Orl,3000,0,18.8,9,2.1,0.7,2.1,2,2,1.34.6.8.0..3.56.8.0.2.4.67.
5707,0,23,"Frazier, Melvin",Orl,3000,0,16.8,8,2.1,0.7,2.1,0.8,2,1.34.6.8.0..3.56.8.0.2.4.67.
5833,0,1,"Williams-Goss, Nigel",Uta,3000,0,16,8,2,0.7,2,7,2,.2.4.6.8.0.2.4.6.8.0.2..5.7.
5866,0,34,"Doumbouya, Sekou",Det,3000,0,15.5,7,2.2,0.7,2.2,0,2,.2.45.7.9.1.3.5..8.0.2.45.7.
5956,0,34,"Hervey, Kevin",OKC,3000,0,4,2,2,0.7,2,0,1,.2.4.67.9.1.3.5.78.0.2.45.7.
5009,0,45,"Ellenson, Henry",Bkn,3000,0,7,4,1.8,0.6,1.8,0,2,.2.4.67..0.2.45..8.0..3.56..
5255,0,45,"Bolden, Jonah",Phi,3000,0,3.5,2,1.8,0.6,1.8,0,1,..3..6..9.1.3.5.78.0.2..5..8
5810,0,23,"Bowen II, Brian",Ind,3000,0,5.3,3,1.8,0.6,1.8,0,1,.2.4.6.8.0..3.5.7.90.2.4.6..
5835,0,4,"Morgan, Juwan",Uta,3000,0,6.8,4,1.7,0.6,1.7,4.8,2,.2.4.6.8.0.2.4.6.8.0.2..5.7.
5778,0,34,"Vanderbilt, Jarred",Den,3000,0,5,4,1.2,0.4,1.2,1.5,1,.2.4.6.8..12..56..90.2.4.6.8
5893,0,12,"Mokoka, Adam",Chi,3000,0,2.5,2,1.2,0.4,1.2,0,2,.2.4.6.8.01.3.5.78.0.2.45.7.
5941,0,3,"Cancar, Vlatko",Den,3000,0,4.8,4,1.2,0.4,1.2,0,1,.2.4.6.8..12..56..90.2.4.6.8
5668,0,12,"Macon, Daryl",Mia,3000,0,4,4,1,0.3,1,0,2,.23.5..8.0.2..5.7.90.2.4..78
5864,0,1,"Bone, Jordan",Det,3000,0,3,3,1,0.3,1,0,2,.2.45.7.9.1.3.5..8.0.2.45.7.
5669,0,34,"Antetokounmpo, Kostas",LAL,3000,0,1.3,2,0.6,0.2,0.6,0,3,1.3.5.7..01.3.5..8.0.23.5..8
5757,0,2,"Thomas, Khyri",Det,3000,0,1,2,0.5,0.2,0.5,0,2,.2.45.7.9.1.3.5..8.0.2.45.7.
5839,0,2,"Konchar, John",Mem,3000,0,1.3,2,0.6,0.2,0.6,1.2,3,.2.45.7..0.2.4..7..0.2.4.6.8
5836,0,23,"Oni, Miye",Uta,3000,0,0.8,3,0.2,0.1,0.2,0,2,.2.4.6.8.0.2.4.6.8.0.2..5.7.
5910,0,34,"Okpala, KZ",Mia,3000,0,0.8,3,0.2,0.1,0.2,0,2,.23.5..8.0.2..5.7.90.2.4..78
3308,996,5,"Gasol, Pau",Por,0,0,0,0,0,0,0,0,,1.3.5.7.9.1.3.5.78.0..3..6..
3304,1007,34,"Johnson, Joe",Det,0,0,0,0,0,0,0,0,,.2.45.7.9.1.3.5..8.0.2.45.7.
3408,1713,5,"Hilario, Nene",Hou,3000,0,0,0,0,0,0,0,,..3....89.1..45..8.0.2.4.67.
3641,2386,23,"Iguodala, Andre",Mem,3000,0,0,0,0,0,0,0,,.2.45.7..0.2.4..7..0.2.4.6.8
3760,2761,23,"Green, Gerald",Hou,3000,0,0,0,0,0,0,0,1,..3....89.1..45..8.0.2.4.67.
3986,3202,34,"Durant, Kevin",Bkn,3000,0,0,0,0,0,0,0,,.2.4.67..0.2.45..8.0..3.56..
3992,3209,34,"Green, Jeff",Uta,0,0,411.8,30,13.7,0,13.7,0,2,.2.4.6.8.0.2.4.6.8.0.2..5.7.
4085,3412,45,"Anderson, Ryan",Hou,0,0,18.8,2,9.4,0,9.4,0,1,..3....89.1..45..8.0.2.4.67.
4274,4258,4,"Cousins, DeMarcus",LAL,3000,0,0,0,0,0,0,0,,1.3.5.7..01.3.5..8.0.23.5..8
4321,4237,1,"Wall, John",Was,3000,0,0,0,0,0,0,0,,1.34.6.8.0.2..5.7..0.23..6.8
4367,6475,23,"Thompson, Klay",GSW,3000,0,0,0,0,0,0,0,,.2.4.6.8.0.2.4.6.8.0.2.4...8
4397,6468,23,"Shumpert, Iman",Bkn,0,0,141.5,13,10.9,0,10.9,0,2,.2.4.67..0.2.45..8.0..3.56..
4484,6610,34,"Miller, Darius",Nor,3000,0,0,0,0,0,0,0,,..34.6.8.01.3..6.8.0.2.4.6.8
4515,6628,23,"Waiters, Dion",Mia,3100,0,0,0,0,0,0,0,2,.23.5..8.0.2..5.7.90.2.4..78
4559,2530596,23,"Roberson, Andre",OKC,3000,0,0,0,0,0,0,0,,.2.4.67.9.1.3.5.78.0.2.45.7.
4627,2527963,12,"Oladipo, Victor",Ind,6500,0,0,0,0,0,0,0,,.2.4.6.8.0..3.5.7.90.2.4.6..
4654,2528779,23,"Bullock, Reggie",NYK,3000,0,0,0,0,0,0,0,,1.3.5.78.0.2.4.6.8.0.2.4.6.8
4681,3102530,5,"Nurkic, Jusuf",Por,7200,-200,0,0,0,0,0,0,,1.3.5.7.9.1.3.5.78.0..3..6..
4739,2531352,4,"Moreland, Eric",OKC,0,0,0,0,0,0,0,0,,.2.4.67.9.1.3.5.78.0.2.45.7.
4802,0,12,"Frazier, Michael",Hou,3000,0,0,0,0,0,0,0,,..3....89.1..45..8.0.2.4.67.
4845,0,5,"Felicio, Cristiano",Chi,3000,0,0,0,0,0,0,0,2,.2.4.6.8.01.3.5.78.0.2.45.7.
4882,0,12,"Payne, Cameron",Tor,0,0,0,0,0,0,0,0,,.2.4..78...2..5.78.0.2.4.6.8
4923,0,1,"Jackson, Demetrius",LAL,0,0,0,0,0,0,0,0,,1.3.5.7..01.3.5..8.0.23.5..8
5110,0,1,"Taylor, Isaiah",Tor,0,0,0,0,0,0,0,0,,.2.4..78...2..5.78.0.2.4.6.8
5112,0,2,"Cleveland, Antonius",Dal,3000,0,0,0,0,0,0,0,1,.2.4.6.8.01..45.7...1.3.5.78
5130,0,34,"Jackson, Josh",Mem,3000,0,0,0,0,0,0,0,,.2.45.7..0.2.4..7..0.2.4.6.8
5143,0,2,"Robinson, Devin",Tor,0,0,0,0,0,0,0,0,,.2.4..78...2..5.78.0.2.4.6.8
5161,0,2,"Simmons, Kobi",Cha,3000,0,0,0,0,0,0,0,1,.2.4.6.8.0.23.5....0...4...8
5171,0,45,"Rabb, Ivan",NYK,3000,0,0,0,0,0,0,0,3,1.3.5.78.0.2.4.6.8.0.2.4.6.8
5175,0,4,"Lydon, Tyler",Sac,0,0,0,0,0,0,0,0,,.2.4.67..0..3.5..8.0.2.4..7.
5177,0,23,"Dozier, PJ",Den,3000,0,0,0,0,0,0,0,1,.2.4.6.8..12..56..90.2.4.6.8
5231,0,12,"Wallace, Tyrone",Atl,0,0,98.5,14,7,0,7,0,2,..34.6.8.0.2.4..78.0.2.4.6.8
5245,0,3,"Henry, Myke",OKC,0,0,0,0,0,0,0,0,,.2.4.67.9.1.3.5.78.0.2.45.7.
5696,0,1,"Akoon-Purcell, DeVaughn",OKC,0,0,0,0,0,0,0,0,,.2.4.67.9.1.3.5.78.0.2.45.7.
5736,0,1,"Gaddy, Abdul",OKC,0,0,0,0,0,0,0,0,,.2.4.67.9.1.3.5.78.0.2.45.7.
5748,0,23,"Reynolds, Cameron",Mil,3000,0,0,0,0,0,0,0,2,1..4.6.8.01..4.6.8.0...4...8
5773,0,1,"Chiozza, Chris",Was,0,0,110.8,10,11.1,0,11.1,0,2,1.34.6.8.0.2..5.7..0.23..6.8
5779,0,23,"Smith, Zhaire",Phi,3000,0,0,0,0,0,0,0,1,..3..6..9.1.3.5.78.0.2..5..8
5782,0,3,"Grantham, Donte",LAC,0,0,0,0,0,0,0,0,,.2.45....0.2.4.6.8..12.4.6.8
5783,0,3,"Highsmith, Haywood",Phi,0,0,0,0,0,0,0,0,,..3..6..9.1.3.5.78.0.2..5..8
5787,0,23,"Johnson, B.J.",Orl,3000,0,0,1,0,0,0,0,2,1.34.6.8.0..3.56.8.0.2.4.67.
5800,0,13,"Coffey, Amir",LAC,3000,0,0,1,0,0,0,0,1,.2.45....0.2.4.6.8..12.4.6.8
5801,0,23,"Palmer Jr., James",LAC,0,0,0,0,0,0,0,0,,.2.45....0.2.4.6.8..12.4.6.8
5804,0,3,"Larrier, Terry",LAC,0,0,0,0,0,0,0,0,,.2.45....0.2.4.6.8..12.4.6.8
5805,0,12,"Guy, Kyle",Sac,3300,0,0,0,0,0,0,0,1,.2.4.67..0..3.5..8.0.2.4..7.
5819,0,4,"Cacok, Devontae",LAL,3000,0,0,0,0,0,0,0,3,1.3.5.7..01.3.5..8.0.23.5..8
5821,0,1,"Norvell Jr., Zach",LAL,0,0,1.3,2,0.6,0,0.6,0,3,1.3.5.7..01.3.5..8.0.23.5..8
5822,0,3,"Hommes, Daulton",SAS,0,0,0,0,0,0,0,0,,.2.4.6.8.0.2..5.7.90.2.4.67.
5823,0,1,"Weatherspoon, Quinndary",SAS,3000,0,0,0,0,0,0,0,1,.2.4.6.8.0.2..5.7.90.2.4.67.
5825,0,34,"Samanic, Luka",SAS,3000,0,0,0,0,0,0,0,1,.2.4.6.8.0.2..5.7.90.2.4.67.
5826,0,23,"Johnson, Keldon",SAS,3000,0,0,1,0,0,0,0,1,.2.4.6.8.0.2..5.7.90.2.4.67.
5830,0,1,"Wright-Foreman, Justin",Uta,3000,0,0,0,0,0,0,0,2,.2.4.6.8.0.2.4.6.8.0.2..5.7.
5831,0,34,"Howard, William",Hou,3000,0,0,0,0,0,0,0,2,..3....89.1..45..8.0.2.4.67.
5832,0,4,"Kidd, Stanton",Uta,0,0,4.3,4,1.1,0,1.1,0,2,.2.4.6.8.0.2.4.6.8.0.2..5.7.
5851,0,34,"Franks, Robert",Cha,3000,0,0,0,0,0,0,0,1,.2.4.6.8.0.23.5....0...4...8
5859,0,23,"Windler, Dylan",Cle,3000,0,0,0,0,0,0,0,,.2.45.7.9.1.34..78.0..3.5.78
5863,0,3,"Withers, Todd",Det,0,0,0,0,0,0,0,0,,.2.45.7.9.1.3.5..8.0.2.45.7.
5865,0,45,"Hall, Donta",Det,0,0,0,0,0,0,0,0,,.2.45.7.9.1.3.5..8.0.2.45.7.
5874,0,1,"Peters, Lamar",NYK,0,0,0,0,0,0,0,0,,1.3.5.78.0.2.4.6.8.0.2.4.6.8
5875,0,4,"Wooten, Kenny",NYK,0,0,0,0,0,0,0,0,,1.3.5.78.0.2.4.6.8.0.2.4.6.8
5877,0,2,"King, V.J.",NYK,0,0,0,0,0,0,0,0,,1.3.5.78.0.2.4.6.8.0.2.4.6.8
5884,0,34,"Bigby-Williams, Kavell",Nor,0,0,0,0,0,0,0,0,,..34.6.8.01.3..6.8.0.2.4.6.8
5885,0,23,"Bess, Javon",Nor,0,0,0,0,0,0,0,0,,..34.6.8.01.3..6.8.0.2.4.6.8
5888,0,45,"Williamson, Zion",Nor,5800,0,0,0,0,0,0,0,3,..34.6.8.01.3..6.8.0.2.4.6.8
5890,0,1,"Adams, Jalen",Nor,0,0,0,0,0,0,0,0,,..34.6.8.01.3..6.8.0.2.4.6.8
5899,0,45,"Konate, Sagaba",Tor,0,0,0,0,0,0,0,0,,.2.4..78...2..5.78.0.2.4.6.8
5905,0,23,"Shayok, Marial",Phi,3000,0,0,0,0,0,0,0,1,..3..6..9.1.3.5.78.0.2..5..8
5907,0,3,"Miles, Isaiah",Phi,0,0,0,0,0,0,0,0,,..3..6..9.1.3.5.78.0.2..5..8
5908,0,5,"Koumadje, Christ",Phi,0,0,0,0,0,0,0,0,,..3..6..9.1.3.5.78.0.2..5..8
5917,0,2,"Hall, Devon",OKC,0,0,10.3,5,2,0,2,0,1,.2.4.67.9.1.3.5.78.0.2.45.7.
5919,0,34,"Roby, Isaiah",Dal,3000,0,0,0,0,0,0,0,1,.2.4.6.8.01..45.7...1.3.5.78
5922,0,2,"Reaves, Josh",Dal,3000,0,0,0,0,0,0,0,1,.2.4.6.8.01..45.7...1.3.5.78
5923,0,1,"Harper, Jared",Pho,3000,0,0,1,0,0,0,0,2,1.3.5.7..0.2.4.6.8.0.2.4.6.8
5929,0,12,"Lecque, Jalen",Pho,3000,0,0,0,0,0,0,0,2,1.3.5.7..0.2.4.6.8.0.2.4.6.8
5942,0,5,"Bol, Bol",Den,3000,0,0,0,0,0,0,0,,.2.4.6.8..12..56..90.2.4.6.8
5946,0,23,"Battle, Tyus",Min,0,0,0,0,0,0,0,0,,12..5.7.9.1.3.5.78.0.2.45.7.
