,Player,Pos,Age,Tm,G,MP,PER,TS%,3PAr,FTr,ORB%,DRB%,TRB%,AST%,STL%,BLK%,TOV%,USG%, ,OWS,DWS,WS,WS/48, ,OBPM,DBPM,BPM,VORP
0,Steven Adams,C,26,OKC,38,1052,22.4,.622,.003,.422,14.5,24.8,19.8,15.1,1.3,3.5,13.5,17.4,,3.0,1.6,4.6,.211,,2.1,3.3,5.5,2.0
1,Bam Adebayo,C,22,MIA,40,1375,20.7,.622,.022,.523,8.9,24.2,17.0,21.0,1.8,3.4,17.8,19.7,,3.1,2.3,5.4,.188,,1.1,3.9,5.0,2.4
2,LaMarcus Aldridge,C,34,SAS,37,1223,20.5,.583,.185,.225,6.4,17.7,12.1,11.4,0.8,4.5,7.7,22.7,,2.6,1.0,3.6,.143,,1.6,0.7,2.3,1.3
3,Nickeil Alexander-Walker,SG,21,NOP,33,453,8.8,.451,.524,.115,1.6,15.3,8.3,20.5,1.0,0.9,12.8,22.9,,-0.5,0.2,-0.3,-0.027,,-3.2,-2.5,-5.7,-0.4
4,Grayson Allen,SG,24,MEM,26,445,11.3,.579,.535,.204,1.2,13.1,7.2,11.3,0.6,0.2,11.4,18.1,,0.4,0.1,0.5,.056,,-0.7,-2.9,-3.6,-0.2
5,Jarrett Allen,C,21,BRK,40,1064,21.1,.670,.011,.588,12.4,24.4,18.6,7.1,1.2,4.0,11.8,15.3,,3.0,1.8,4.8,.219,,0.4,2.8,3.1,1.4
6,Kadeem Allen,SG,27,NYK,9,96,13.6,.483,.381,.190,2.1,6.8,4.3,31.3,2.0,2.0,14.9,23.5,,0.0,0.0,0.0,.013,,-1.4,-3.1,-4.5,-0.1
7,Al-Farouq Aminu,PF,29,ORL,18,380,7.8,.395,.419,.337,6.4,17.9,12.0,7.6,2.3,1.9,14.7,13.2,,-0.4,0.6,0.2,.025,,-4.8,2.5,-2.3,0.0
8,Justin Anderson,SF,26,BRK,3,17,-3.7,.218,.500,.333,0.0,11.7,6.0,0.0,0.0,4.9,0.0,16.9,,-0.1,0.0,-0.1,-0.168,,-12.7,-2.6,-15.3,-0.1
9,Kyle Anderson,PF,26,MEM,35,598,12.6,.500,.219,.272,6.1,17.9,12.0,16.3,1.9,2.2,13.8,13.7,,0.4,0.5,1.0,.078,,-1.9,1.5,-0.4,0.2
10,Ryan Anderson,PF,31,HOU,2,14,9.7,.357,.714,.000,0.0,51.2,25.7,20.1,3.3,0.0,12.5,23.4,,0.0,0.0,0.0,-0.022,,-7.0,1.8,-5.2,0.0
11,Giannis Antetokounmpo,PF,25,MIL,40,1230,33.2,.613,.256,.522,8.0,31.7,20.5,32.6,1.7,3.0,12.1,37.5,,4.7,3.1,7.8,.306,,7.7,4.6,12.2,4.4
12,Kostas Antetokounmpo,PF,22,LAL,3,5,8.7,,,,0.0,21.3,11.0,22.4,0.0,0.0,,0.0,,0.0,0.0,0.0,.138,,-4.7,1.2,-3.5,0.0
13,Thanasis Antetokounmpo,SF,27,MIL,13,55,13.5,.553,.100,.400,11.4,1.7,6.3,15.4,0.8,1.6,17.5,21.4,,0.0,0.1,0.1,.100,,-1.9,-1.6,-3.5,0.0
14,Carmelo Anthony,PF,35,POR,27,860,14.1,.533,.280,.206,3.6,16.4,10.1,6.7,1.5,1.5,10.2,22.7,,0.3,0.7,1.0,.056,,-1.5,-1.1,-2.6,-0.1
15,OG Anunoby,SF,22,TOR,39,1177,13.2,.589,.420,.146,3.6,16.2,10.0,8.3,1.8,2.2,11.4,15.3,,1.1,2.0,3.1,.125,,-0.4,2.3,2.0,1.2
16,Ryan Arcidiacono,PG,25,CHI,38,572,8.3,.534,.606,.189,2.5,10.0,6.1,14.2,1.3,0.3,13.2,11.8,,0.4,0.5,0.9,.074,,-2.1,-0.8,-3.0,-0.1
17,Trevor Ariza,SF,34,SAC,32,791,9.7,.543,.739,.164,2.9,18.2,10.4,8.5,2.2,0.8,13.7,11.3,,0.4,0.8,1.2,.071,,-1.2,1.1,0.0,0.4
18,D.J. Augustin,PG,32,ORL,39,1013,14.6,.544,.417,.399,1.5,8.5,4.9,27.2,1.3,0.1,12.4,18.7,,1.5,0.9,2.4,.114,,0.3,-1.9,-1.6,0.1
19,Deandre Ayton,C,21,PHO,11,340,20.7,.573,.006,.110,12.9,30.0,21.2,9.8,0.7,4.6,10.5,22.4,,0.5,0.4,1.0,.135,,-1.4,1.5,0.1,0.2
20,Dwayne Bacon,SG,24,CHO,34,621,7.1,.434,.281,.221,2.2,13.3,7.5,11.3,1.7,0.3,10.9,20.0,,-0.8,0.3,-0.5,-0.042,,-5.4,-1.9,-7.3,-0.8
21,Marvin Bagley,PF,20,SAC,11,265,15.9,.516,.126,.222,8.7,23.5,16.0,4.5,0.7,3.5,9.7,27.0,,0.0,0.3,0.3,.052,,-4.6,-2.2,-6.7,-0.3
22,Lonzo Ball,PG,22,NOP,34,1037,12.8,.493,.547,.109,4.0,15.6,9.6,28.4,1.8,1.0,18.2,20.2,,0.0,0.7,0.7,.034,,-0.2,-0.2,-0.4,0.4
23,Mo Bamba,C,21,ORL,38,585,14.8,.509,.381,.127,9.9,26.9,18.2,6.3,1.3,7.5,14.2,17.2,,0.0,1.2,1.2,.098,,-3.7,3.8,0.0,0.3
24,J.J. Barea,PG,35,DAL,12,187,18.9,.572,.426,.053,2.9,9.3,6.1,33.1,0.8,0.4,13.5,25.4,,0.4,0.1,0.5,.134,,2.5,-3.5,-1.0,0.0
25,Harrison Barnes,PF,27,SAC,41,1441,13.8,.566,.331,.377,2.9,13.0,7.8,9.4,0.9,0.4,8.5,18.4,,2.1,0.7,2.8,.093,,-0.1,-1.3,-1.4,0.2
26,RJ Barrett,SG,19,NYK,41,1281,10.5,.470,.268,.345,3.4,14.6,8.7,12.2,1.6,1.2,12.8,23.2,,-1.3,0.6,-0.7,-0.026,,-3.2,-1.0,-4.2,-0.7
27,Will Barton,SF,29,DEN,38,1269,16.3,.544,.360,.187,5.1,17.5,11.2,16.2,1.6,1.4,9.2,19.7,,1.8,1.6,3.4,.130,,1.1,0.9,2.0,1.3
28,Keita Bates-Diop,SF,24,MIN,28,509,13.0,.549,.466,.344,3.3,14.6,8.8,4.9,1.2,2.3,5.1,16.0,,0.6,0.4,1.0,.098,,-1.7,-0.7,-2.4,-0.1
29,Nicolas Batum,SF,31,CHO,20,454,9.3,.482,.634,.085,4.6,17.1,10.6,18.1,1.7,1.6,22.2,9.1,,0.2,0.3,0.5,.053,,-2.6,1.2,-1.4,0.1
30,Aron Baynes,C,33,PHO,32,744,15.5,.588,.418,.209,7.7,20.2,13.8,12.4,0.4,2.2,10.6,20.3,,1.2,0.6,1.8,.118,,0.8,-0.5,0.3,0.4
31,Kent Bazemore,SF,30,POR,42,1080,7.5,.472,.522,.220,1.1,14.6,8.0,7.0,1.9,2.4,14.5,16.0,,-1.0,1.0,0.0,-0.002,,-3.3,0.8,-2.5,-0.1
32,Darius Bazley,PF,19,OKC,41,691,6.8,.456,.497,.162,2.5,20.7,11.9,3.8,1.1,3.2,16.3,14.1,,-1.0,0.9,0.0,-0.003,,-5.6,1.0,-4.6,-0.4
33,Bradley Beal,SG,26,WAS,33,1184,21.0,.555,.368,.346,3.1,11.3,7.0,29.2,1.3,0.7,11.6,32.4,,2.2,0.0,2.3,.091,,4.3,-3.1,1.2,1.0
34,Malik Beasley,SG,23,DEN,31,518,10.6,.532,.539,.083,1.3,9.9,5.5,8.4,1.6,0.9,10.5,19.9,,0.0,0.5,0.5,.048,,-1.6,-1.8,-3.5,-0.2
35,Marco Belinelli,SG,33,SAS,35,519,8.1,.469,.525,.166,0.4,10.9,5.7,11.0,0.7,0.0,6.3,17.2,,-0.1,0.1,0.0,.001,,-2.4,-3.2,-5.6,-0.5
36,Jordan Bell,C,25,MIN,24,219,14.3,.560,.143,.518,12.3,22.3,17.2,9.4,0.4,3.4,20.7,16.3,,0.1,0.2,0.3,.076,,-3.7,0.6,-3.1,-0.1
37,DeAndre' Bembry,SG,25,ATL,40,859,10.1,.504,.277,.195,4.0,14.4,9.1,13.1,2.7,1.7,18.7,14.2,,-0.4,0.8,0.4,.022,,-3.4,1.3,-2.1,0.0
38,Dragan Bender,SF,22,MIL,4,50,11.3,.656,.455,.091,0.0,16.7,8.8,12.7,0.0,5.2,8.0,10.3,,0.1,0.1,0.2,.177,,-1.5,2.1,0.6,0.0
39,Dāvis Bertāns,PF,27,WAS,31,912,16.3,.629,.754,.150,2.8,16.0,9.1,8.0,1.0,1.8,6.2,18.2,,2.1,0.1,2.2,.116,,3.7,-2.3,1.4,0.8
40,Patrick Beverley,PG,31,LAC,34,975,12.8,.533,.591,.146,4.9,16.6,10.9,17.9,2.1,2.0,14.3,12.9,,1.1,1.6,2.7,.131,,0.9,3.2,4.1,1.5
41,Khem Birch,C,27,ORL,28,603,9.6,.519,.012,.610,8.4,15.6,11.9,6.8,1.1,2.7,16.1,8.9,,0.4,0.8,1.2,.093,,-3.5,2.7,-0.7,0.2
42,Goga Bitadze,C,20,IND,32,301,12.2,.533,.259,.309,7.3,19.9,13.6,7.6,0.3,7.2,15.6,15.9,,0.1,0.5,0.6,.090,,-3.7,2.8,-0.9,0.1
43,Bismack Biyombo,C,27,CHO,41,803,16.6,.570,.000,.511,12.7,21.2,16.8,7.2,0.6,3.9,11.2,17.1,,1.4,0.6,2.0,.118,,-2.0,0.2,-1.7,0.1
44,Nemanja Bjelica,PF,31,SAC,41,1127,16.5,.600,.475,.108,6.2,21.1,13.5,14.2,1.6,2.0,13.1,18.6,,1.8,1.2,3.0,.129,,1.6,1.0,2.5,1.3
45,Eric Bledsoe,PG,30,MIL,35,908,19.6,.578,.311,.280,3.0,13.7,8.7,28.6,1.6,1.8,14.5,24.6,,1.8,1.6,3.5,.184,,1.6,1.0,2.5,1.0
46,Bogdan Bogdanović,SG,27,SAC,30,842,14.4,.547,.555,.159,1.3,10.8,6.0,20.3,1.9,0.9,13.3,23.7,,0.4,0.6,1.1,.061,,0.9,-1.6,-0.7,0.3
47,Bojan Bogdanović,SF,30,UTA,40,1335,16.2,.601,.468,.299,2.1,11.1,6.8,10.0,0.9,0.3,13.6,26.6,,1.6,1.2,2.9,.103,,1.4,-1.9,-0.5,0.5
48,Jonah Bolden,PF,24,PHI,2,5,7.7,.532,.000,2.000,0.0,0.0,0.0,0.0,9.7,0.0,34.7,24.8,,0.0,0.0,0.0,-0.211,,-10.0,4.0,-5.9,0.0
49,Jordan Bone,PG,22,DET,4,14,-5.8,.286,.286,.000,0.0,0.0,0.0,31.4,0.0,0.0,22.2,27.8,,-0.1,0.0,-0.1,-0.321,,-14.3,-11.1,-25.4,-0.1
50,Isaac Bonga,SF,20,WAS,35,591,10.8,.599,.233,.398,5.6,15.0,10.1,8.6,1.8,1.6,14.2,9.9,,0.7,0.2,0.9,.077,,-1.1,0.2,-0.9,0.2
51,Devin Booker,SG,23,PHO,38,1362,20.7,.626,.291,.376,1.8,10.3,5.9,29.4,1.0,0.6,15.5,29.3,,3.3,0.8,4.1,.143,,3.7,-2.2,1.5,1.2
52,Chris Boucher,PF,27,TOR,36,475,20.5,.562,.363,.423,15.9,19.8,17.9,5.1,1.3,6.8,7.0,19.3,,1.2,1.0,2.2,.219,,0.6,2.2,2.8,0.6
53,Brian Bowen,SG,21,IND,3,10,1.1,.250,.250,.000,0.0,10.9,5.5,0.0,0.0,8.7,0.0,17.5,,0.0,0.0,0.0,-0.144,,-12.5,-0.3,-12.8,0.0
54,Ky Bowman,PG,22,GSW,36,810,9.8,.493,.340,.111,2.3,10.1,6.0,19.7,2.1,0.6,14.1,16.8,,-0.1,0.5,0.3,.018,,-2.8,-1.2,-4.0,-0.4
55,Avery Bradley,SG,29,LAL,27,637,7.8,.516,.355,.060,2.3,8.3,5.4,6.3,1.8,0.3,12.8,15.7,,-0.2,0.8,0.6,.043,,-2.6,-0.3,-2.9,-0.1
56,Tony Bradley,C,22,UTA,30,300,19.8,.635,.000,.311,17.7,24.9,21.5,4.7,1.3,3.8,14.2,17.4,,0.8,0.5,1.3,.211,,-0.2,1.2,1.0,0.2
57,Jarrell Brantley,PF,23,UTA,2,9,10.2,,,,0.0,46.0,24.0,13.4,0.0,18.3,100.0,4.9,,0.0,0.0,0.0,.061,,-11.7,14.9,3.1,0.0
58,Ignas Brazdeikis,SF,21,NYK,9,53,3.4,.351,.409,.227,3.7,6.2,4.9,10.9,0.0,1.8,7.6,20.8,,-0.1,0.0,-0.1,-0.119,,-6.4,-4.3,-10.8,-0.1
59,Mikal Bridges,SF,23,PHO,41,944,12.6,.607,.327,.337,3.7,14.8,9.1,8.0,2.8,1.6,13.7,12.4,,1.0,1.2,2.1,.108,,-1.0,2.1,1.1,0.7
60,Miles Bridges,SF,21,CHO,44,1336,11.9,.536,.392,.155,4.4,16.0,9.9,9.8,1.0,2.3,12.8,18.9,,0.3,0.7,1.0,.035,,-1.8,-0.4,-2.3,-0.1
61,Oshae Brissett,SF,21,TOR,13,113,6.9,.460,.400,.200,7.5,10.9,9.2,4.9,1.3,0.8,10.9,13.9,,0.0,0.1,0.1,.055,,-3.8,-0.3,-4.1,-0.1
62,Ryan Broekhoff,SG,29,DAL,10,77,16.3,.669,.800,.240,1.4,17.2,9.5,7.2,1.3,1.1,6.7,16.5,,0.2,0.1,0.3,.178,,2.4,-1.9,0.5,0.0
63,Malcolm Brogdon,PG,27,IND,29,889,19.9,.555,.291,.281,2.6,13.5,8.0,36.8,1.3,0.5,13.8,26.7,,1.8,1.0,2.7,.146,,3.0,-0.7,2.3,1.0
64,Dillon Brooks,SG,24,MEM,41,1146,12.2,.527,.416,.192,3.6,9.0,6.3,10.6,1.6,1.2,9.8,23.7,,0.4,0.6,1.0,.040,,-0.5,-2.1,-2.6,-0.2
65,Bruce Brown,SG,23,DET,41,1121,12.1,.506,.213,.290,4.0,14.0,9.0,20.3,2.2,1.6,16.3,16.3,,0.4,1.0,1.4,.060,,-1.7,1.2,-0.5,0.4
66,Charlie Brown,SG,22,ATL,5,27,17.5,.533,.400,.500,7.9,8.0,8.0,5.2,0.0,6.2,0.0,18.8,,0.1,0.0,0.1,.136,,-0.9,-2.1,-3.1,0.0
67,Jaylen Brown,SF,23,BOS,35,1169,18.0,.598,.359,.302,3.6,18.4,11.0,10.7,1.7,0.7,12.0,24.2,,1.9,1.7,3.5,.145,,1.5,-0.1,1.3,1.0
68,Moses Brown,C,20,POR,6,21,11.1,.465,.000,.444,9.8,38.3,24.2,0.0,2.3,0.0,15.7,25.7,,0.0,0.0,0.0,-0.017,,-11.6,-7.2,-18.9,-0.1
69,Sterling Brown,SF,24,MIL,30,470,10.2,.506,.521,.205,4.4,19.8,12.5,8.1,1.9,0.7,15.0,16.5,,-0.1,0.9,0.8,.084,,-3.0,1.0,-2.0,0.0
70,Troy Brown,SG,20,WAS,37,955,13.8,.528,.257,.232,4.8,21.1,12.6,11.2,2.4,0.4,10.8,17.3,,0.7,0.5,1.2,.061,,-1.1,-0.2,-1.4,0.2
71,Jalen Brunson,PG,23,DAL,41,688,15.1,.535,.341,.176,2.8,11.7,7.3,28.4,1.1,0.4,13.0,19.6,,1.2,0.5,1.7,.116,,0.2,-1.9,-1.7,0.1
72,Thomas Bryant,C,22,WAS,20,539,19.3,.607,.186,.273,8.6,24.0,15.9,13.6,0.7,2.9,10.3,18.6,,1.3,0.2,1.5,.134,,1.3,-0.1,1.2,0.4
73,Reggie Bullock,SG,28,NYK,8,189,13.0,.493,.513,.064,2.6,4.0,3.3,9.9,3.3,0.0,1.2,18.1,,0.2,0.1,0.3,.068,,0.7,-2.1,-1.4,0.0
74,Trey Burke,PG,27,PHI,22,311,16.6,.562,.298,.149,5.0,7.0,6.0,24.1,1.1,0.3,8.5,19.5,,0.7,0.3,1.0,.150,,1.2,-2.5,-1.3,0.1
75,Alec Burks,SG,28,GSW,40,1165,16.1,.551,.362,.368,2.8,14.6,8.5,17.5,1.8,0.9,10.1,23.4,,1.5,0.8,2.2,.091,,0.5,-1.3,-0.8,0.3
76,Deonte Burton,SG,26,OKC,23,185,4.5,.380,.484,.109,3.1,15.0,9.2,6.9,0.8,1.8,8.2,17.4,,-0.4,0.2,-0.2,-0.047,,-5.9,-1.3,-7.2,-0.2
77,Jimmy Butler,SF,30,MIA,35,1229,23.7,.580,.197,.703,6.6,15.0,11.1,28.4,2.6,1.6,12.3,25.2,,4.0,1.8,5.8,.226,,3.4,1.9,5.3,2.2
78,Bruno Caboclo,SF,24,MEM,22,192,12.0,.441,.362,.043,9.5,14.9,12.2,7.0,2.4,5.4,9.1,16.8,,-0.1,0.2,0.2,.041,,-3.1,1.8,-1.2,0.0
79,Kentavious Caldwell-Pope,SG,26,LAL,41,1041,11.9,.595,.462,.214,2.7,6.7,4.8,9.4,1.5,0.7,9.9,14.8,,1.5,1.1,2.6,.121,,0.6,-0.4,0.2,0.6
80,Vlatko Čančar,SF,22,DEN,7,12,14.7,.515,.333,.667,9.1,0.0,4.6,21.7,0.0,0.0,0.0,14.0,,0.0,0.0,0.0,.180,,1.2,-4.7,-3.5,0.0
81,Clint Capela,C,25,HOU,33,1108,21.3,.637,.000,.274,13.0,31.4,22.2,5.5,1.3,4.4,12.5,15.9,,2.7,1.9,4.6,.198,,-0.7,2.2,1.6,1.0
82,DeMarre Carroll,SF,33,SAS,15,135,5.1,.437,.448,.690,5.5,18.6,12.1,10.0,0.7,1.3,20.9,15.2,,-0.2,0.1,-0.1,-0.031,,-5.0,-0.9,-5.9,-0.1
83,Jevon Carter,PG,24,PHO,26,340,9.1,.486,.534,.091,3.5,12.2,7.7,15.1,2.8,1.8,18.7,14.0,,-0.1,0.4,0.3,.037,,-2.9,1.3,-1.6,0.0
84,Vince Carter,SF,43,ATL,34,518,5.7,.433,.669,.097,1.2,12.0,6.5,8.7,1.1,2.2,9.4,16.2,,-0.6,0.2,-0.4,-0.034,,-4.3,-1.6,-5.9,-0.5
85,Wendell Carter,C,20,CHI,37,1109,16.2,.592,.091,.417,12.1,23.8,17.7,6.1,1.3,2.8,14.5,16.4,,1.7,1.6,3.3,.145,,-1.5,1.6,0.2,0.6
86,Michael Carter-Williams,SG,28,ORL,19,310,13.3,.464,.323,.333,5.9,14.6,10.1,18.0,3.2,2.3,13.7,17.2,,0.0,0.5,0.5,.081,,-2.3,2.8,0.5,0.2
87,Alex Caruso,PG,25,LAL,38,729,10.6,.556,.410,.289,1.5,9.2,5.5,11.8,2.5,1.2,15.2,13.4,,0.4,1.1,1.5,.100,,-1.4,1.2,-0.2,0.3
88,Willie Cauley-Stein,C,26,GSW,38,869,16.2,.572,.000,.232,7.5,22.2,14.6,9.7,2.4,4.9,11.8,14.5,,0.9,1.2,2.1,.115,,-2.4,3.4,1.0,0.7
89,Tyson Chandler,C,37,HOU,24,209,11.6,.717,.000,.722,11.9,19.1,15.5,3.6,1.3,3.3,22.8,6.0,,0.3,0.3,0.6,.138,,-2.0,1.5,-0.5,0.1
90,Wilson Chandler,SF,32,BRK,13,260,9.0,.530,.542,.139,1.2,21.7,11.8,8.8,1.3,1.6,15.5,14.5,,-0.1,0.4,0.3,.056,,-4.1,1.1,-3.0,-0.1
91,Zylan Cheatham,SF,24,NOP,3,31,0.2,.400,.200,.000,3.3,17.5,10.2,8.1,0.0,2.8,37.5,10.7,,-0.1,0.0,-0.1,-0.092,,-8.8,0.2,-8.6,-0.1
92,Chris Chiozza,PG,24,WAS,10,123,9.3,.397,.471,.000,0.0,13.8,6.6,28.5,3.8,1.4,20.9,14.5,,-0.1,0.1,0.0,-0.006,,-4.0,-0.2,-4.2,-0.1
93,Marquese Chriss,PF,22,GSW,38,666,17.3,.560,.108,.471,10.8,22.0,16.2,16.8,1.7,4.6,18.0,19.1,,0.7,0.8,1.4,.103,,-1.8,2.4,0.6,0.4
94,Gary Clark,PF,25,TOT,20,249,12.0,.555,.841,.101,6.2,13.7,9.9,6.5,0.4,2.8,2.7,12.3,,0.5,0.2,0.6,.125,,-0.1,-1.5,-1.7,0.0
95,Gary Clark,PF,25,HOU,18,212,12.0,.564,.864,.119,5.4,14.0,9.7,7.6,0.4,2.8,3.1,12.4,,0.4,0.2,0.6,.131,,0.3,-1.1,-0.9,0.1
96,Gary Clark,PF,25,ORL,2,37,11.5,.500,.700,.000,11.0,11.7,11.3,0.0,0.0,2.4,0.0,11.7,,0.0,0.0,0.1,.094,,-2.5,-3.8,-6.3,0.0
97,Brandon Clarke,PF,23,MEM,35,744,22.3,.679,.139,.230,6.9,22.4,14.7,10.5,0.9,3.5,10.0,19.7,,2.2,0.6,2.8,.183,,1.9,0.3,2.3,0.8
98,Jordan Clarkson,SG,27,TOT,40,943,18.2,.575,.480,.228,3.2,7.2,5.2,14.7,1.3,1.1,8.7,25.6,,1.8,0.3,2.1,.105,,2.7,-3.2,-0.5,0.4
99,Jordan Clarkson,SG,27,CLE,29,666,19.2,.581,.488,.264,3.5,7.9,5.7,17.5,1.2,1.0,9.7,25.9,,1.5,0.0,1.5,.110,,3.4,-3.5,-0.1,0.3
100,Jordan Clarkson,SG,27,UTA,11,277,15.8,.558,.460,.144,2.5,5.6,4.1,7.9,1.4,1.2,6.3,25.0,,0.3,0.3,0.5,.095,,0.9,-2.4,-1.5,0.0
101,Nicolas Claxton,PF,20,BRK,10,120,9.2,.495,.227,.545,7.0,11.6,9.3,12.6,0.4,3.4,18.0,11.6,,0.0,0.1,0.1,.056,,-4.2,1.3,-2.9,0.0
102,Chris Clemons,SG,22,HOU,24,220,15.0,.589,.780,.046,0.9,8.4,4.7,12.8,1.3,1.9,11.2,23.3,,0.3,0.2,0.4,.095,,1.0,-3.5,-2.5,0.0
103,Antonius Cleveland,SG,25,DAL,3,14,7.4,.667,.333,.000,0.0,21.8,11.2,0.0,0.0,0.0,25.0,12.2,,0.0,0.0,0.0,.000,,-6.7,-4.6,-11.3,0.0
104,Amir Coffey,SG,22,LAC,2,5,36.0,.833,.667,.000,0.0,0.0,0.0,42.6,0.0,0.0,0.0,24.7,,0.0,0.0,0.0,.452,,14.7,-12.3,2.4,0.0
105,John Collins,PF,22,ATL,15,457,20.1,.575,.298,.197,7.4,27.1,17.2,8.5,1.1,6.0,9.6,22.8,,0.6,0.6,1.1,.120,,-0.7,1.2,0.4,0.3
106,Zach Collins,PF,22,POR,3,86,9.1,.624,.368,.316,4.8,9.4,7.1,9.4,0.0,2.0,21.7,13.6,,0.1,0.0,0.1,.051,,-1.8,-1.4,-3.2,0.0
107,Mike Conley,PG,32,UTA,22,647,12.3,.491,.410,.280,2.8,9.1,6.1,23.4,1.2,0.5,12.9,23.7,,0.2,0.6,0.8,.059,,-0.7,-1.1,-1.7,0.0
108,Pat Connaughton,SG,27,MIL,40,719,11.1,.532,.520,.143,4.5,17.8,11.5,12.0,0.8,2.7,15.1,12.6,,0.4,1.3,1.7,.115,,-1.9,2.2,0.2,0.4
109,Quinn Cook,PG,26,LAL,27,357,11.0,.536,.386,.043,1.6,8.6,5.2,14.5,1.2,0.2,13.4,19.6,,0.1,0.4,0.4,.059,,-2.1,-2.1,-4.2,-0.2
110,Tyler Cook,PF,22,CLE,8,28,26.7,.799,.000,.750,11.8,15.6,13.7,5.9,1.7,0.0,8.6,17.8,,0.2,0.0,0.2,.285,,4.3,-2.9,1.4,0.0
111,Robert Covington,PF,29,MIN,39,1121,14.5,.581,.621,.210,2.5,18.5,10.3,6.2,2.8,2.8,12.2,17.9,,0.7,1.6,2.4,.102,,-0.4,1.7,1.3,0.9
112,Allen Crabbe,SG,27,ATL,28,522,7.3,.482,.650,.084,2.0,11.4,6.7,7.5,1.3,0.6,7.5,12.8,,0.0,0.2,0.2,.014,,-2.8,-1.6,-4.4,-0.3
113,Torrey Craig,SF,29,DEN,28,383,7.4,.470,.488,.174,5.1,12.8,8.9,6.2,1.2,3.4,10.6,11.7,,0.0,0.5,0.4,.056,,-3.2,1.2,-2.0,0.0
114,Jae Crowder,SF,29,MEM,38,1147,11.2,.514,.670,.219,3.2,18.4,10.8,12.5,1.6,1.1,11.3,15.8,,0.5,0.8,1.4,.057,,-0.2,0.2,0.0,0.6
115,Jarrett Culver,SG,20,MIN,39,947,10.1,.448,.371,.192,5.4,10.4,7.8,12.8,2.0,2.2,11.6,20.3,,-0.9,0.9,0.0,-0.001,,-3.2,0.3,-2.9,-0.2
116,Seth Curry,SG,29,DAL,39,876,13.8,.604,.567,.176,2.3,6.5,4.5,11.0,1.2,0.7,10.4,18.3,,1.6,0.5,2.0,.112,,1.6,-2.1,-0.5,0.3
117,Stephen Curry,PG,31,GSW,4,112,20.7,.548,.561,.273,3.7,15.7,9.5,42.8,2.1,1.6,16.9,33.7,,0.1,0.1,0.2,.079,,4.6,-1.2,3.5,0.2
118,Troy Daniels,SG,28,LAL,31,372,10.2,.559,.701,.079,2.1,8.6,5.4,3.9,0.9,0.5,5.1,15.8,,0.4,0.4,0.7,.091,,-0.3,-2.5,-2.8,-0.1
119,Anthony Davis,PF,26,LAL,35,1231,28.4,.605,.195,.444,7.2,21.7,14.6,14.7,2.1,6.4,9.7,29.9,,4.2,2.7,6.8,.266,,3.3,3.7,7.0,2.8
120,Ed Davis,C,30,UTA,21,232,6.5,.387,.000,.367,11.2,27.2,19.6,4.4,1.9,3.2,27.2,9.0,,-0.2,0.5,0.3,.061,,-5.5,3.9,-1.6,0.0
121,Terence Davis,SG,22,TOR,40,678,14.8,.599,.567,.143,4.4,16.0,10.3,16.5,1.6,1.0,14.1,17.5,,1.0,1.1,2.0,.145,,0.8,0.7,1.5,0.6
122,Dewayne Dedmon,C,30,SAC,26,360,7.9,.495,.467,.175,8.9,24.1,16.3,3.7,1.2,3.1,21.8,20.0,,-0.6,0.4,-0.1,-0.020,,-5.8,-0.8,-6.6,-0.4
123,Matthew Dellavedova,PG,29,CLE,38,490,8.5,.443,.540,.248,2.7,8.0,5.4,28.4,1.5,0.2,19.8,13.7,,0.1,0.0,0.1,.011,,-2.6,-2.9,-5.5,-0.4
124,DeMar DeRozan,SF,30,SAS,39,1326,21.8,.606,.040,.394,1.9,14.6,8.3,23.8,1.4,0.8,11.7,26.7,,3.4,0.8,4.2,.152,,2.4,-0.9,1.5,1.2
125,Cheick Diallo,C,23,PHO,25,231,18.8,.704,.014,.296,6.9,23.3,14.9,8.6,1.2,1.5,13.9,17.1,,0.6,0.2,0.8,.166,,-0.9,-0.3,-1.1,0.0
126,Hamidou Diallo,SF,21,OKC,21,400,9.8,.476,.129,.252,5.1,12.8,9.1,4.8,2.6,1.0,11.5,19.2,,-0.3,0.5,0.2,.023,,-4.5,0.1,-4.5,-0.2
127,Gorgui Dieng,C,30,MIN,36,656,18.6,.556,.409,.221,9.5,24.9,17.0,11.7,2.4,4.4,11.6,18.4,,0.9,1.1,2.0,.150,,-0.1,3.0,2.9,0.8
128,Spencer Dinwiddie,SG,26,BRK,40,1242,18.6,.539,.367,.409,1.4,8.9,5.2,35.5,1.1,0.9,12.3,31.3,,1.9,1.1,3.0,.116,,2.6,-2.1,0.5,0.8
129,Donte DiVincenzo,SG,23,MIL,39,884,14.9,.557,.486,.158,4.0,14.7,9.7,13.2,3.1,1.0,12.6,16.7,,0.9,1.9,2.8,.153,,0.2,2.5,2.7,1.1
130,Luka Dončić,PG,20,DAL,37,1213,29.9,.597,.446,.460,4.7,25.8,15.5,47.9,1.6,0.3,15.3,37.1,,5.0,1.6,6.5,.258,,10.0,2.1,12.1,4.3
131,Luguentz Dort,SG,20,OKC,7,115,0.9,.391,.560,.400,1.0,8.4,4.8,3.5,0.8,0.0,9.3,12.4,,-0.2,0.1,-0.1,-0.040,,-5.3,-1.8,-7.1,-0.1
132,Damyean Dotson,SG,25,NYK,36,595,9.8,.489,.554,.118,1.0,10.8,5.7,11.2,1.2,0.6,6.5,16.3,,0.1,0.1,0.2,.020,,-1.7,-2.5,-4.2,-0.3
133,Sekou Doumbouya,SF,19,DET,15,267,13.3,.604,.356,.256,2.5,16.8,9.7,3.5,1.6,1.2,8.2,17.7,,0.3,0.2,0.5,.092,,-1.3,-1.8,-3.2,-0.1
134,PJ Dozier,PG,23,DEN,2,20,16.3,.600,.400,.000,0.0,22.2,11.0,16.6,0.0,0.0,0.0,21.6,,0.1,0.0,0.1,.181,,1.9,-3.5,-1.6,0.0
135,Goran Dragić,PG,33,MIA,30,836,16.1,.578,.480,.296,1.7,9.8,6.0,28.7,1.0,0.8,16.0,25.3,,1.1,0.7,1.8,.102,,1.4,-2.4,-0.9,0.2
136,Andre Drummond,C,26,DET,40,1344,21.9,.554,.037,.381,14.5,37.9,26.2,13.2,2.9,4.4,18.3,24.6,,0.8,2.7,3.5,.124,,-1.4,4.6,3.2,1.8
137,Jared Dudley,SF,34,LAL,28,247,7.4,.604,.711,.053,1.4,10.8,6.2,8.3,1.7,0.7,11.4,7.5,,0.2,0.3,0.6,.109,,-1.2,0.6,-0.7,0.1
138,Kris Dunn,PG,25,CHI,42,1045,11.5,.480,.331,.133,2.1,13.7,7.7,19.6,3.9,1.3,14.1,14.7,,0.0,1.8,1.8,.083,,-2.3,2.9,0.6,0.7
139,Carsen Edwards,SG,21,BOS,27,267,6.5,.432,.621,.137,2.0,13.6,7.8,10.1,1.6,0.7,11.4,18.2,,-0.3,0.3,0.1,.009,,-3.8,-1.0,-4.8,-0.2
140,Henry Ellenson,PF,23,BRK,5,15,-1.1,.143,.571,.000,14.0,26.4,20.4,8.8,0.0,0.0,0.0,19.4,,-0.1,0.0,-0.1,-0.180,,-9.8,-2.9,-12.7,0.0
141,Wayne Ellington,SG,32,NYK,23,330,5.8,.457,.818,.061,0.6,11.9,6.0,9.8,1.2,0.6,12.1,14.8,,-0.2,0.1,-0.2,-0.027,,-2.9,-2.3,-5.2,-0.3
142,Joel Embiid,C,25,PHI,31,963,25.6,.590,.234,.500,9.2,34.3,21.9,17.5,1.3,3.6,13.1,31.6,,2.4,1.9,4.2,.211,,1.9,2.3,4.2,1.5
143,James Ennis,SF,29,PHI,40,704,12.5,.565,.468,.259,7.3,14.2,10.8,7.1,1.3,1.5,10.2,15.5,,0.9,0.9,1.8,.121,,-0.4,-0.1,-0.6,0.3
144,Drew Eubanks,PF,22,SAS,7,38,21.6,.685,.000,.214,16.8,27.5,22.2,8.2,0.0,2.3,20.7,21.9,,0.1,0.0,0.1,.152,,-0.4,-2.1,-2.5,0.0
145,Jacob Evans,SG,22,GSW,21,311,3.3,.407,.260,.221,2.3,9.2,5.6,9.9,0.9,2.0,16.8,18.7,,-0.7,0.1,-0.6,-0.098,,-7.9,-1.9,-9.8,-0.6
146,Dante Exum,SG,24,TOT,19,223,11.6,.607,.323,.292,1.5,13.0,7.3,13.4,1.3,0.7,20.6,17.9,,0.1,0.1,0.2,.044,,-2.4,-1.3,-3.7,-0.1
147,Dante Exum,SG,24,UTA,11,83,5.0,.503,.261,.087,4.1,11.2,7.8,11.9,0.6,2.0,29.5,17.9,,-0.2,0.1,-0.1,-0.046,,-6.4,0.1,-6.3,-0.1
148,Dante Exum,SG,24,CLE,8,140,15.5,.657,.357,.405,0.0,14.1,7.1,14.2,1.7,0.0,15.4,17.9,,0.2,0.0,0.3,.097,,-0.1,-2.1,-2.2,0.0
149,Tacko Fall,C,24,BOS,4,21,24.1,.690,.000,.273,0.0,50.9,25.5,0.0,0.0,8.7,19.6,31.1,,0.0,0.1,0.0,.078,,-10.7,-4.1,-14.8,-0.1
150,Derrick Favors,C,28,NOP,24,577,20.0,.607,.024,.171,14.6,30.1,22.2,12.4,1.1,4.1,14.9,15.4,,1.3,0.7,1.9,.161,,0.1,2.6,2.7,0.7
151,Cristiano Felício,PF,27,CHI,2,9,-7.6,.000,.000,.000,0.0,24.8,11.9,0.0,0.0,0.0,50.0,9.5,,-0.1,0.0,0.0,-0.226,,-17.5,-2.0,-19.5,0.0
152,Terrance Ferguson,SF,21,OKC,35,927,4.8,.533,.771,.066,2.4,4.6,3.6,4.9,1.1,1.1,13.2,9.4,,0.1,0.6,0.7,.035,,-1.2,0.1,-1.0,0.2
153,Bruno Fernando,C,21,ATL,36,429,10.8,.519,.235,.296,9.4,18.2,13.8,12.1,1.0,2.3,18.2,15.4,,0.1,0.3,0.4,.040,,-3.3,-0.1,-3.3,-0.1
154,Yogi Ferrell,PG,26,SAC,30,386,11.9,.532,.389,.254,1.1,9.6,5.3,17.8,1.3,0.7,11.9,18.0,,0.3,0.2,0.5,.064,,-1.9,-2.3,-4.2,-0.2
155,Dorian Finney-Smith,PF,26,DAL,41,1205,12.4,.598,.573,.225,7.1,11.5,9.3,6.2,1.1,1.5,10.8,12.8,,2.0,0.9,2.9,.115,,1.5,0.3,1.8,1.1
156,Bryn Forbes,SG,26,SAS,39,1008,10.9,.544,.628,.134,1.1,8.5,4.8,9.7,0.9,0.0,8.1,19.0,,0.7,0.2,0.9,.041,,0.6,-3.2,-2.6,-0.2
157,Evan Fournier,SG,27,ORL,41,1280,17.4,.595,.439,.265,0.5,8.5,4.4,17.8,1.6,0.5,10.5,24.8,,2.1,1.3,3.4,.128,,2.7,-1.8,0.9,0.9
158,De'Aaron Fox,PG,22,SAC,23,717,20.8,.562,.227,.433,3.4,12.7,7.9,38.8,2.2,1.6,16.9,28.7,,1.2,0.7,1.9,.124,,2.4,0.0,2.4,0.8
159,Melvin Frazier,SG,23,ORL,11,43,9.2,.480,.412,.235,2.4,7.5,4.9,3.6,3.4,4.2,9.6,20.9,,0.0,0.1,0.0,.031,,-4.5,0.9,-3.6,0.0
160,Michael Frazier,SG,25,HOU,2,14,10.6,.500,.800,.000,7.4,14.6,11.0,10.0,0.0,0.0,0.0,14.6,,0.0,0.0,0.0,.108,,0.1,-3.8,-3.7,0.0
161,Tim Frazier,PG,29,DET,24,318,11.4,.487,.299,.276,2.8,7.4,5.1,36.2,2.0,0.8,22.9,17.2,,0.1,0.2,0.3,.047,,-2.7,-2.7,-5.4,-0.3
162,Markelle Fultz,PG,21,ORL,41,1111,13.9,.507,.168,.202,1.8,11.5,6.5,27.6,2.3,0.6,14.9,21.7,,0.0,1.4,1.4,.062,,-1.8,0.2,-1.5,0.1
163,Wenyen Gabriel,PF,22,SAC,11,61,7.7,.444,.471,.588,7.2,11.4,9.3,6.8,2.4,3.1,18.9,18.9,,-0.1,0.1,0.0,-0.025,,-5.1,0.2,-4.9,0.0
164,Daniel Gafford,C,21,CHI,32,411,17.9,.666,.000,.364,9.5,10.6,10.1,5.3,1.1,9.6,11.6,13.4,,0.9,0.6,1.5,.173,,-1.4,4.4,3.1,0.5
165,Danilo Gallinari,PF,31,OKC,35,1065,19.6,.612,.553,.353,2.1,17.5,10.0,11.7,1.1,0.3,7.9,24.1,,2.8,1.0,3.8,.171,,3.5,-1.8,1.8,1.0
166,Langston Galloway,SG,28,DET,42,1056,12.5,.588,.641,.198,1.7,7.6,4.7,8.1,1.4,0.6,6.7,16.0,,1.6,0.4,1.9,.087,,1.3,-2.0,-0.7,0.4
167,Darius Garland,PG,20,CLE,41,1212,9.5,.515,.452,.116,1.5,5.7,3.6,18.2,1.3,0.0,17.5,21.0,,-0.6,-0.1,-0.7,-0.028,,-1.7,-3.2,-4.9,-0.9
168,Marc Gasol,C,35,TOR,28,794,10.6,.497,.505,.154,3.1,20.8,12.1,16.8,1.4,3.6,14.9,12.3,,0.3,1.5,1.8,.110,,-2.1,4.0,2.0,0.8
169,Rudy Gay,PF,33,SAS,39,879,15.5,.557,.383,.251,4.7,22.5,13.7,11.5,1.0,2.2,13.2,21.2,,0.6,0.7,1.4,.074,,-0.7,-0.4,-1.1,0.2
170,Paul George,SF,29,LAC,26,799,20.9,.586,.515,.286,1.6,18.0,10.0,19.5,2.2,1.3,14.0,31.2,,1.2,1.3,2.5,.151,,3.2,0.5,3.7,1.1
171,Taj Gibson,C,34,NYK,39,635,13.1,.546,.061,.176,10.8,16.8,13.7,9.1,1.7,2.1,16.1,14.0,,0.5,0.4,0.9,.070,,-1.9,0.8,-1.1,0.1
172,Harry Giles,PF,21,SAC,16,180,12.0,.492,.000,.156,6.7,21.8,14.1,16.0,2.5,2.1,17.1,24.0,,-0.2,0.2,0.1,.022,,-5.1,1.2,-3.9,-0.1
173,Shai Gilgeous-Alexander,SG,21,OKC,41,1451,17.8,.563,.228,.322,2.3,15.1,8.9,13.7,1.7,1.1,9.9,24.5,,1.9,1.6,3.5,.116,,0.2,0.0,0.3,0.8
174,Rudy Gobert,C,27,UTA,39,1343,22.0,.677,.000,.641,12.0,32.5,22.7,7.5,1.0,4.6,15.0,16.6,,3.7,2.7,6.4,.230,,0.9,4.0,4.9,2.4
175,Brandon Goodwin,PG,24,ATL,12,163,13.1,.530,.472,.111,2.0,13.3,7.6,18.4,2.3,1.5,13.7,22.3,,0.0,0.1,0.1,.037,,-1.5,-1.5,-3.0,0.0
176,Aaron Gordon,PF,24,ORL,36,1122,13.9,.505,.320,.256,5.4,19.5,12.3,14.3,1.1,1.6,10.7,21.0,,0.3,1.4,1.8,.075,,-1.4,0.9,-0.4,0.4
177,Eric Gordon,SG,31,HOU,16,462,7.7,.484,.681,.176,1.3,5.5,3.5,5.9,0.7,0.7,8.5,21.9,,-0.2,0.2,-0.1,-0.007,,-2.4,-3.9,-6.4,-0.5
178,Devonte' Graham,PG,24,CHO,44,1549,16.5,.541,.606,.260,2.4,9.3,5.7,35.9,1.2,0.8,14.8,25.2,,2.2,0.4,2.6,.080,,3.2,-2.9,0.3,0.9
179,Treveon Graham,SG,26,MIN,33,663,6.3,.447,.474,.211,4.4,11.4,7.8,6.3,1.2,0.2,9.0,13.1,,-0.2,0.4,0.2,.015,,-3.6,-0.9,-4.5,-0.4
180,Jerami Grant,PF,25,DEN,41,981,12.3,.565,.409,.355,2.7,12.1,7.3,5.6,1.0,2.7,8.4,17.4,,1.0,1.0,2.0,.097,,-1.1,-0.4,-1.5,0.1
181,Josh Gray,PG,26,NOP,2,23,-5.0,.500,.000,.000,4.5,4.7,4.6,10.6,0.0,0.0,71.4,12.6,,-0.1,0.0,-0.1,-0.237,,-11.6,-2.0,-13.5,-0.1
182,Danny Green,SG,32,LAL,40,1003,12.0,.577,.686,.110,3.2,12.4,7.9,7.1,2.2,1.6,9.8,14.3,,1.0,1.5,2.5,.122,,0.8,1.2,2.0,1.0
183,Draymond Green,PF,29,GSW,32,934,12.2,.478,.385,.274,2.0,21.8,11.6,28.3,2.5,2.4,20.5,16.2,,-0.3,1.1,0.8,.039,,-2.9,2.2,-0.7,0.3
184,JaMychal Green,PF,29,LAC,33,700,11.0,.550,.681,.152,7.2,24.0,15.8,4.5,1.1,1.7,12.8,13.7,,0.5,1.1,1.6,.111,,-1.0,0.8,-0.2,0.3
185,Javonte Green,SF,26,BOS,32,248,14.0,.623,.235,.221,4.3,16.0,10.1,5.2,2.1,1.5,12.9,14.7,,0.3,0.4,0.7,.136,,-1.7,0.5,-1.2,0.0
186,Jeff Green,PF,33,UTA,30,553,10.3,.523,.533,.323,2.9,12.5,7.9,5.2,1.1,1.5,10.8,19.8,,0.0,0.6,0.6,.055,,-2.1,-1.0,-3.0,-0.1
187,Blake Griffin,PF,30,DET,18,512,12.1,.476,.444,.392,3.8,14.7,9.2,17.6,0.7,1.1,12.0,28.2,,-0.3,0.2,-0.1,-0.008,,-2.0,-2.5,-4.5,-0.3
188,Marko Guduric,SG,24,MEM,28,387,7.5,.472,.504,.134,3.3,11.5,7.4,12.7,1.1,1.3,17.2,17.5,,-0.4,0.2,-0.2,-0.024,,-3.7,-1.5,-5.2,-0.3
189,Kyle Guy,SG,22,SAC,1,3,-13.5,.000,1.000,.000,0.0,0.0,0.0,0.0,0.0,0.0,0.0,14.5,,0.0,0.0,0.0,-0.362,,-12.8,-5.3,-18.1,0.0
190,Rui Hachimura,PF,21,WAS,25,729,14.3,.533,.158,.178,5.5,16.5,10.7,8.1,1.2,0.4,5.8,19.7,,0.8,0.1,0.9,.060,,-1.0,-2.4,-3.3,-0.2
191,Devon Hall,SG,24,OKC,5,20,3.7,.370,.400,.800,0.0,5.3,2.8,19.4,0.0,0.0,12.9,17.1,,0.0,0.0,0.0,-0.060,,-6.7,-4.7,-11.5,0.0
192,Tim Hardaway,SG,27,DAL,38,985,14.9,.566,.590,.176,1.6,9.9,5.9,10.0,1.1,0.3,6.2,21.8,,1.7,0.6,2.3,.111,,1.8,-2.7,-0.9,0.3
193,James Harden,SG,30,HOU,39,1449,30.8,.627,.554,.507,3.1,14.1,8.6,35.6,2.1,2.1,13.6,37.8,,6.9,1.7,8.5,.282,,10.5,-0.1,10.4,4.5
194,Maurice Harkless,SF,26,LAC,42,956,10.1,.573,.324,.216,4.7,13.3,9.1,5.6,2.2,2.6,15.8,10.4,,0.5,1.5,2.0,.100,,-1.3,3.4,2.0,1.0
195,Jared Harper,PG,22,PHO,1,2,-19.5,.000,1.000,.000,0.0,0.0,0.0,0.0,0.0,0.0,0.0,21.1,,0.0,0.0,0.0,-0.520,,-16.3,-7.3,-23.6,0.0
196,Montrezl Harrell,C,26,LAC,41,1181,22.8,.597,.025,.414,10.2,15.6,13.0,10.8,1.1,3.3,10.7,25.7,,2.9,1.7,4.5,.184,,1.2,1.2,2.4,1.3
197,Gary Harris,SG,25,DEN,37,1217,10.2,.521,.435,.171,1.8,7.5,4.6,9.2,2.2,0.8,8.9,15.2,,0.6,1.3,1.8,.073,,-0.8,0.3,-0.5,0.5
198,Joe Harris,SF,28,BRK,40,1268,12.6,.584,.529,.130,3.1,10.2,6.8,10.2,1.0,0.8,10.4,17.6,,1.4,1.1,2.5,.096,,0.4,-0.5,-0.1,0.6
199,Tobias Harris,PF,27,PHI,42,1434,17.5,.568,.296,.191,2.6,19.1,10.9,13.9,1.1,1.5,8.3,23.7,,2.2,1.9,4.0,.135,,0.7,0.0,0.7,1.0
200,Shaquille Harrison,SF,26,CHI,25,183,14.0,.463,.217,.383,3.9,17.1,10.3,20.2,2.9,2.6,7.9,17.7,,0.1,0.3,0.4,.106,,-2.9,2.0,-1.0,0.0
201,Josh Hart,SF,24,NOP,35,1001,11.2,.556,.698,.199,3.3,19.1,11.0,6.9,1.7,0.9,11.0,15.7,,0.6,0.7,1.4,.065,,-0.4,-0.5,-0.8,0.3
202,Isaiah Hartenstein,C,21,HOU,18,238,20.0,.696,.051,.441,10.9,25.0,17.9,9.8,1.6,4.3,15.6,14.4,,0.7,0.4,1.1,.214,,-0.2,2.3,2.1,0.2
203,Udonis Haslem,PF,39,MIA,2,11,16.1,.906,.000,4.000,0.0,28.9,15.2,0.0,0.0,0.0,0.0,11.0,,0.1,0.0,0.1,.293,,-1.8,-5.6,-7.5,0.0
204,Jaxson Hayes,C,19,NOP,39,782,18.4,.673,.020,.648,9.2,15.8,12.4,6.6,1.3,5.0,11.3,15.0,,2.1,0.7,2.8,.171,,0.3,1.6,1.9,0.8
205,Gordon Hayward,SF,29,BOS,24,759,18.4,.596,.319,.141,3.2,16.8,10.0,19.4,1.1,1.2,10.3,20.2,,1.7,1.0,2.6,.166,,2.1,0.4,2.5,0.9
206,John Henson,PF,29,CLE,20,264,19.1,.551,.211,.276,8.3,22.8,15.6,16.0,2.2,8.1,14.1,16.1,,0.3,0.4,0.7,.123,,-0.9,4.9,4.0,0.4
207,Dewan Hernandez,C,23,TOR,4,11,4.3,.340,.200,.400,19.3,46.6,33.2,0.0,4.4,0.0,14.5,26.8,,0.0,0.0,0.0,.009,,-13.7,-5.8,-19.5,0.0
208,Juan Hernangómez,PF,24,DEN,26,308,6.0,.434,.595,.215,4.6,17.7,11.1,7.6,0.3,0.9,12.2,13.8,,-0.2,0.3,0.1,.009,,-4.3,-1.2,-5.5,-0.3
209,Willy Hernangómez,C,25,CHO,15,109,21.6,.588,.217,.500,15.4,27.3,21.1,8.5,0.5,3.4,15.1,26.5,,0.1,0.1,0.2,.091,,-1.4,-2.2,-3.6,0.0
210,Tyler Herro,SG,20,MIA,38,1078,11.6,.535,.466,.150,1.4,15.1,8.6,11.9,1.1,0.3,12.4,22.1,,0.0,1.0,1.0,.044,,-1.8,-1.6,-3.4,-0.4
211,Kevin Hervey,PF,23,OKC,3,9,-13.5,.000,.750,.000,0.0,23.8,12.2,13.5,0.0,0.0,0.0,19.6,,-0.1,0.0,-0.1,-0.398,,-14.9,-2.9,-17.8,0.0
212,Mario Hezonja,PF,24,POR,30,484,8.9,.501,.325,.300,3.6,20.6,12.2,7.4,1.8,0.7,13.9,13.8,,0.0,0.5,0.5,.046,,-3.3,0.2,-3.1,-0.1
213,Buddy Hield,SG,27,SAC,41,1407,14.5,.541,.549,.129,2.9,13.9,8.3,15.0,1.2,0.8,12.4,27.2,,0.4,0.9,1.3,.043,,0.9,-2.0,-1.0,0.3
214,George Hill,PG,33,MIL,40,851,19.1,.692,.462,.242,4.7,9.7,7.3,19.3,1.6,0.4,10.8,15.7,,3.0,1.3,4.3,.241,,4.0,0.0,3.9,1.3
215,Solomon Hill,SF,28,MEM,39,741,10.5,.530,.610,.130,3.2,15.0,9.1,13.3,1.8,0.7,12.8,13.6,,0.4,0.5,0.9,.059,,-0.8,-0.2,-1.0,0.2
216,Jaylen Hoard,SF,20,POR,10,64,13.3,.462,.091,.409,12.9,15.7,14.3,4.4,3.0,0.0,13.4,19.8,,0.0,0.1,0.0,.036,,-3.9,-1.5,-5.4,-0.1
217,Aaron Holiday,PG,23,IND,39,926,13.2,.530,.409,.145,1.8,9.2,5.5,21.8,1.7,0.7,12.8,20.7,,0.6,1.0,1.5,.080,,0.0,-1.0,-1.0,0.2
218,Jrue Holiday,SG,29,NOP,34,1212,16.5,.513,.322,.158,3.8,10.8,7.2,28.5,2.2,1.8,13.9,25.7,,0.6,0.9,1.5,.058,,0.7,-0.2,0.5,0.8
219,Justin Holiday,SG,30,IND,41,1036,11.6,.566,.651,.120,1.8,12.9,7.4,7.8,1.9,1.8,7.4,13.2,,0.9,1.4,2.3,.108,,0.4,1.3,1.7,1.0
220,Rondae Hollis-Jefferson,SF,25,TOR,32,646,16.2,.536,.063,.428,12.2,14.6,13.4,11.3,2.0,1.8,11.8,18.6,,1.0,1.1,2.1,.154,,-0.8,1.9,1.1,0.5
221,Richaun Holmes,C,26,SAC,37,1087,21.1,.692,.000,.301,11.5,21.3,16.3,5.4,1.8,4.5,11.6,15.9,,3.3,1.4,4.7,.208,,1.4,2.3,3.8,1.6
222,Rodney Hood,SF,27,POR,21,619,12.4,.625,.413,.157,1.7,10.1,5.9,7.3,1.3,0.5,9.4,13.9,,1.0,0.3,1.2,.094,,0.7,-1.0,-0.3,0.3
223,Al Horford,C,33,PHI,38,1176,16.1,.523,.368,.111,6.1,17.2,11.7,18.3,1.6,2.6,8.3,18.1,,1.6,1.7,3.4,.137,,0.8,2.0,2.9,1.4
224,Talen Horton-Tucker,SG,19,LAL,2,5,15.1,.000,1.000,.000,0.0,0.0,0.0,44.8,9.6,0.0,0.0,8.5,,0.0,0.0,0.0,.112,,-5.5,-3.5,-9.0,0.0
225,Danuel House,SF,26,HOU,34,1037,10.6,.573,.649,.194,3.7,9.5,6.6,5.5,1.3,1.4,9.6,13.2,,1.1,0.8,1.9,.088,,-0.2,-0.4,-0.6,0.4
226,Dwight Howard,C,34,LAL,41,813,18.8,.697,.028,.627,14.2,26.8,20.7,4.8,0.9,6.3,18.4,14.5,,1.8,1.6,3.4,.203,,-0.3,3.1,2.9,1.0
227,Kevin Huerter,SG,21,ATL,30,830,13.3,.558,.536,.154,2.3,14.3,8.2,19.4,1.6,1.3,14.3,18.3,,0.6,0.5,1.1,.063,,-0.1,-0.8,-0.9,0.2
228,De'Andre Hunter,SF,22,ATL,40,1242,7.9,.509,.438,.194,1.5,11.2,6.3,8.1,0.9,0.6,12.0,17.9,,-0.6,0.3,-0.2,-0.009,,-3.0,-2.0,-5.1,-1.0
229,Chandler Hutchison,SF,23,CHI,15,220,10.2,.529,.212,.561,0.9,20.8,10.5,6.1,2.0,2.1,15.4,18.8,,-0.1,0.3,0.2,.039,,-6.1,0.5,-5.6,-0.2
230,Serge Ibaka,C,30,TOR,30,799,17.2,.566,.205,.216,8.9,24.2,16.7,7.8,0.8,3.3,13.6,24.8,,0.5,1.4,1.9,.115,,-2.1,0.8,-1.3,0.1
231,Ersan İlyasova,PF,32,MIL,39,654,18.4,.621,.441,.273,7.7,23.0,15.8,7.9,1.1,1.7,8.0,17.5,,1.7,1.3,3.0,.218,,1.1,0.5,1.6,0.6
232,Joe Ingles,SF,32,UTA,41,1231,13.9,.606,.620,.164,1.5,13.0,7.5,22.4,1.5,0.4,16.7,16.2,,1.9,1.4,3.3,.130,,1.9,0.4,2.4,1.4
233,Brandon Ingram,PF,22,NOP,37,1277,21.7,.602,.331,.330,2.7,18.5,10.4,20.6,1.3,2.0,12.5,29.3,,2.9,0.9,3.8,.141,,3.2,-0.6,2.6,1.5
234,Kyrie Irving,PG,27,BRK,14,461,26.4,.570,.327,.234,3.4,12.7,8.2,40.7,1.7,1.4,8.5,33.0,,1.5,0.6,2.1,.216,,7.4,0.1,7.5,1.1
235,Jonathan Isaac,SF,22,ORL,32,949,17.2,.542,.283,.227,6.1,18.7,12.2,7.3,2.6,7.4,11.7,18.3,,0.5,2.0,2.5,.127,,-1.8,5.3,3.5,1.3
236,Wesley Iwundu,SF,25,ORL,28,505,9.2,.479,.280,.384,3.6,12.8,8.1,7.9,1.6,1.6,9.3,13.8,,0.1,0.6,0.7,.066,,-3.8,0.9,-2.8,-0.1
237,Frank Jackson,PG,21,NOP,33,458,7.7,.490,.450,.230,2.2,8.1,5.1,8.7,1.1,0.4,12.5,21.7,,-0.4,0.1,-0.3,-0.027,,-3.8,-3.6,-7.4,-0.6
238,Jaren Jackson,C,20,MEM,40,1128,17.7,.606,.477,.220,4.3,14.0,9.2,8.1,1.2,4.4,10.1,24.4,,1.7,0.9,2.6,.111,,2.0,-0.6,1.4,1.0
239,Justin Jackson,PF,24,DAL,37,590,10.6,.520,.510,.133,2.5,12.8,7.8,5.0,0.7,0.6,3.1,16.6,,0.6,0.4,0.9,.076,,-1.3,-2.4,-3.7,-0.3
240,Reggie Jackson,PG,29,DET,2,36,10.9,.437,.455,.091,3.1,12.5,7.8,31.1,0.0,0.0,8.0,15.0,,0.0,0.0,0.0,.059,,-1.7,-3.8,-5.5,0.0
241,Justin James,SG,23,SAC,22,192,9.3,.445,.343,.164,2.3,13.8,7.9,10.0,1.3,4.4,8.9,17.9,,-0.2,0.2,0.0,.001,,-5.0,0.3,-4.6,-0.1
242,LeBron James,PG,35,LAL,39,1362,26.5,.572,.312,.281,3.3,20.4,12.1,50.6,1.8,1.3,14.4,31.5,,4.3,2.2,6.5,.230,,6.9,2.3,9.3,3.9
243,Amile Jefferson,PF,26,ORL,14,68,7.8,.369,.000,1.091,12.0,20.6,16.2,8.0,0.0,4.0,15.6,12.3,,-0.1,0.1,0.0,.021,,-6.9,1.6,-5.3,-0.1
244,DaQuan Jeffries,SG,22,SAC,2,11,12.6,1.000,.000,.000,10.0,0.0,5.1,12.5,0.0,0.0,0.0,4.0,,0.0,0.0,0.0,.170,,2.3,-3.1,-0.8,0.0
245,Ty Jerome,PG,22,PHO,12,137,9.0,.410,.408,.102,2.3,11.4,6.8,22.8,3.8,0.0,15.0,18.6,,-0.2,0.2,0.0,.001,,-4.0,0.1,-3.9,-0.1
246,Alize Johnson,SF,23,IND,11,46,14.7,.541,.000,.429,14.3,21.3,17.8,6.1,0.0,0.0,5.7,16.8,,0.1,0.0,0.1,.150,,-1.7,-2.6,-4.4,0.0
247,B.J. Johnson,SF,24,ORL,4,38,4.6,.393,.357,.000,2.7,8.5,5.5,7.9,2.6,0.0,17.6,19.3,,-0.1,0.0,-0.1,-0.094,,-7.5,-0.9,-8.4,-0.1
248,Cameron Johnson,PF,23,PHO,38,754,11.8,.574,.683,.148,5.0,12.0,8.4,6.6,1.1,1.4,8.5,15.9,,0.8,0.5,1.3,.082,,0.3,-1.2,-0.9,0.2
249,James Johnson,PF,32,MIA,10,137,16.1,.678,.500,.325,6.0,14.7,10.6,9.0,1.1,3.5,14.9,17.2,,0.3,0.2,0.4,.150,,0.8,0.0,0.8,0.1
250,Keldon Johnson,SF,20,SAS,2,7,-2.4,.250,.000,.000,0.0,29.9,15.1,0.0,0.0,0.0,0.0,24.6,,0.0,0.0,0.0,-0.264,,-18.0,-8.9,-26.9,0.0
251,Stanley Johnson,PF,23,TOR,12,66,1.5,.355,.480,.160,4.8,18.6,11.9,4.2,2.2,1.4,20.7,21.9,,-0.3,0.1,-0.2,-0.123,,-10.1,-0.3,-10.4,-0.1
252,Tyler Johnson,SG,27,PHO,28,473,7.9,.470,.471,.191,2.3,9.7,5.9,13.6,1.0,1.3,11.4,17.2,,-0.2,0.3,0.1,.008,,-3.4,-1.4,-4.8,-0.3
253,Nikola Jokić,C,24,DEN,41,1289,24.3,.591,.272,.253,8.0,26.8,17.3,33.3,1.5,1.7,14.2,26.1,,3.7,2.0,5.6,.210,,5.0,2.6,7.6,3.1
254,Damian Jones,C,24,ATL,36,603,16.4,.719,.045,.436,9.2,14.8,11.9,6.0,1.0,4.1,11.2,12.3,,1.6,0.4,2.1,.164,,0.0,0.6,0.7,0.4
255,Derrick Jones,SF,22,MIA,26,632,13.0,.560,.399,.341,3.9,14.9,9.7,5.5,2.3,2.9,8.3,15.1,,0.6,1.0,1.6,.120,,-1.2,1.5,0.3,0.4
256,Tyus Jones,PG,23,MEM,41,788,13.8,.502,.269,.132,0.7,7.8,4.3,31.8,2.2,0.5,13.8,15.7,,0.9,0.4,1.3,.079,,-1.4,-2.4,-3.9,-0.4
257,DeAndre Jordan,C,31,BRK,37,777,20.6,.675,.000,.443,11.7,34.8,23.6,14.1,0.9,3.7,18.0,14.3,,1.9,1.5,3.4,.212,,-0.7,3.9,3.2,1.0
258,Cory Joseph,PG,28,SAC,41,1047,9.2,.474,.320,.143,2.4,9.6,5.9,19.5,1.5,1.2,14.8,13.5,,0.3,0.7,0.9,.042,,-2.6,-0.2,-2.8,-0.2
259,Mfiondu Kabengele,C,22,LAC,10,44,18.6,.622,.545,.136,2.4,16.0,9.4,3.5,1.1,2.0,4.1,22.7,,0.1,0.1,0.2,.188,,1.3,-2.8,-1.5,0.0
260,Frank Kaminsky,C,26,PHO,32,718,14.7,.554,.401,.315,4.5,20.0,12.0,14.6,0.9,1.2,9.4,20.7,,0.9,0.6,1.4,.097,,-0.2,-0.7,-1.0,0.2
261,Enes Kanter,C,27,BOS,33,606,24.1,.610,.022,.260,17.2,30.5,23.9,8.8,1.3,4.4,12.0,19.9,,1.7,1.2,2.9,.232,,0.8,2.3,3.1,0.8
262,Luke Kennard,SG,23,DET,28,922,14.5,.589,.535,.219,1.1,10.8,6.0,18.8,0.6,0.5,10.3,19.6,,1.7,0.2,1.9,.101,,2.0,-2.5,-0.5,0.4
263,Stanton Kidd,SF,27,UTA,4,15,-13.7,.000,.333,.000,0.0,20.7,10.8,8.1,0.0,0.0,40.0,14.6,,-0.1,0.0,-0.1,-0.322,,-16.3,0.3,-16.0,-0.1
264,Michael Kidd-Gilchrist,PF,26,CHO,12,160,6.2,.421,.321,.170,5.9,18.6,12.0,9.4,0.0,1.7,10.9,17.5,,-0.2,0.1,-0.1,-0.030,,-5.8,-2.1,-7.9,-0.2
265,Louis King,SF,20,DET,4,12,14.8,.500,.429,.000,9.4,9.3,9.4,14.5,4.1,0.0,12.5,28.9,,0.0,0.0,0.0,.016,,-0.1,-1.9,-1.9,0.0
266,Maxi Kleber,C,28,DAL,40,996,14.2,.630,.625,.208,6.5,15.9,11.4,5.6,0.6,2.9,10.0,13.7,,2.0,0.9,2.9,.141,,1.5,0.3,1.7,0.9
267,Brandon Knight,PG,28,CLE,16,241,5.7,.431,.744,.151,1.4,7.7,4.6,18.4,1.0,0.7,14.9,19.2,,-0.3,0.0,-0.3,-0.066,,-2.8,-3.6,-6.4,-0.3
268,Kevin Knox,SF,20,NYK,41,803,10.2,.492,.518,.273,2.0,15.6,8.5,8.3,1.2,2.0,8.1,18.0,,0.0,0.3,0.4,.023,,-2.2,-1.3,-3.5,-0.3
269,John Konchar,SG,23,MEM,2,8,1.4,,,,0.0,13.3,6.7,0.0,0.0,0.0,,0.0,,0.0,0.0,0.0,.003,,-7.1,-0.9,-8.1,0.0
270,Furkan Korkmaz,SG,22,PHI,41,831,10.4,.552,.601,.115,1.3,10.5,6.0,5.6,1.3,0.7,8.2,17.1,,0.4,0.9,1.3,.073,,-1.1,-1.5,-2.6,-0.1
271,Luke Kornet,C,24,CHI,22,246,10.2,.462,.610,.091,3.4,14.1,8.5,6.5,1.0,6.5,4.8,14.6,,0.0,0.3,0.3,.062,,-3.7,1.9,-1.8,0.0
272,Kyle Korver,SF,38,MIL,37,613,10.4,.598,.796,.133,1.5,8.9,5.5,9.1,1.3,1.0,13.9,15.0,,0.5,0.9,1.4,.109,,-0.1,-0.3,-0.5,0.2
273,Rodions Kurucs,PF,21,BRK,25,323,8.8,.571,.393,.214,4.5,15.7,10.3,9.8,1.5,0.5,20.7,15.0,,0.0,0.4,0.4,.053,,-3.5,0.2,-3.3,-0.1
274,Kyle Kuzma,PF,24,LAL,32,781,11.8,.532,.435,.199,3.3,13.5,8.6,6.2,0.6,1.5,11.0,23.7,,0.0,0.9,0.9,.055,,-2.2,-2.1,-4.2,-0.4
275,Skal Labissière,C,23,POR,33,567,15.5,.588,.088,.224,11.8,18.5,15.2,10.5,0.6,4.6,15.7,14.3,,1.0,0.5,1.5,.128,,-0.5,1.7,1.3,0.5
276,Jeremy Lamb,SG,27,IND,30,878,14.6,.546,.335,.235,2.2,15.7,9.0,11.6,2.1,1.5,9.5,19.9,,0.7,1.3,2.0,.107,,-0.3,1.0,0.8,0.6
277,Romeo Langford,SG,20,BOS,11,106,8.5,.531,.450,.400,5.1,6.1,5.6,2.4,1.4,1.7,7.8,10.3,,0.1,0.1,0.2,.091,,-2.1,-0.1,-2.2,0.0
278,Zach LaVine,SG,24,CHI,42,1425,19.5,.570,.416,.289,2.1,13.0,7.3,21.4,2.0,1.3,13.1,31.2,,1.6,1.6,3.2,.108,,2.6,-0.7,1.9,1.4
279,Jake Layman,PF,25,MIN,14,369,10.3,.539,.409,.076,3.3,8.3,5.7,4.6,1.5,2.2,11.7,17.3,,0.0,0.3,0.2,.031,,-2.6,-0.5,-3.1,-0.1
280,T.J. Leaf,PF,22,IND,21,177,13.7,.468,.215,.154,12.4,24.0,18.2,4.8,1.9,1.5,8.0,18.7,,0.0,0.3,0.3,.089,,-3.3,-0.5,-3.8,-0.1
281,Jalen Lecque,G,19,PHO,1,2,-19.5,.000,.000,.000,0.0,0.0,0.0,0.0,0.0,0.0,0.0,21.1,,0.0,0.0,0.0,-0.520,,-22.1,-6.0,-28.1,0.0
282,Courtney Lee,SG,34,DAL,10,80,12.7,.717,.522,.000,0.0,6.4,3.3,5.4,0.0,2.1,8.0,13.4,,0.2,0.0,0.2,.114,,0.5,-2.6,-2.1,0.0
283,Damion Lee,SG,27,GSW,27,734,14.0,.539,.389,.304,3.5,17.5,10.3,14.5,1.6,0.2,10.2,20.5,,0.6,0.5,1.1,.071,,-0.7,-1.4,-2.1,0.0
284,Alex Len,C,26,ATL,38,711,18.2,.598,.215,.315,9.6,23.7,16.5,9.5,1.2,3.5,11.5,18.9,,1.2,0.7,1.9,.128,,-0.6,0.3,-0.3,0.3
285,Kawhi Leonard,SF,28,LAC,32,1025,25.9,.577,.264,.327,3.4,19.8,11.8,27.2,2.7,1.5,12.4,33.7,,2.4,1.9,4.3,.201,,4.1,2.3,6.4,2.2
286,Meyers Leonard,PF,27,MIA,40,808,11.5,.659,.526,.103,3.1,23.4,13.8,8.2,0.6,1.7,13.7,11.5,,1.0,1.0,2.0,.118,,-0.9,0.5,-0.4,0.3
287,Caris LeVert,SG,25,BRK,15,417,10.9,.486,.288,.242,3.8,10.9,7.5,20.0,1.1,0.4,15.9,28.3,,-0.6,0.4,-0.2,-0.026,,-3.5,-1.6,-5.1,-0.3
288,Damian Lillard,PG,29,POR,40,1466,24.5,.604,.498,.396,1.4,10.1,5.8,33.2,1.2,0.9,11.0,28.8,,5.5,0.6,6.1,.200,,7.6,-2.5,5.2,2.7
289,Nassir Little,PF,19,POR,31,384,8.6,.466,.381,.340,6.2,15.5,10.9,5.2,1.0,2.0,9.7,13.6,,0.0,0.2,0.3,.033,,-3.2,-0.7,-3.8,-0.2
290,Kevon Looney,C,23,GSW,10,105,6.6,.380,.063,.156,14.7,14.7,14.7,5.6,1.4,1.7,14.9,16.3,,-0.1,0.1,-0.1,-0.033,,-6.4,-1.1,-7.5,-0.1
291,Brook Lopez,C,31,MIL,41,1076,14.1,.534,.532,.192,2.5,14.5,8.9,7.4,1.3,8.3,8.7,16.4,,0.7,2.5,3.1,.139,,-1.6,4.8,3.2,1.4
292,Robin Lopez,C,31,MIL,42,600,11.8,.557,.328,.203,6.9,11.6,9.4,6.3,0.5,4.2,15.0,17.0,,0.2,1.0,1.2,.095,,-2.6,1.1,-1.6,0.1
293,Kevin Love,PF,31,CLE,34,1061,17.9,.601,.505,.322,3.1,33.2,18.2,14.5,0.9,1.0,16.3,23.3,,1.2,0.7,2.0,.090,,0.7,-0.3,0.4,0.6
294,Kyle Lowry,PG,33,TOR,29,1110,17.4,.578,.592,.404,1.5,10.6,6.2,30.9,1.5,1.1,14.5,23.2,,2.3,1.5,3.8,.164,,3.4,-0.2,3.2,1.5
295,Timothé Luwawu-Cabarrot,SG,24,BRK,18,307,5.7,.504,.493,.253,3.1,10.7,7.0,5.4,1.4,0.3,16.1,13.5,,-0.2,0.3,0.1,.022,,-4.3,-0.4,-4.7,-0.2
296,Trey Lyles,PF,24,SAS,39,673,11.9,.506,.506,.126,7.8,27.2,17.6,9.2,0.7,1.7,11.1,13.2,,0.5,0.5,1.0,.073,,-1.5,0.1,-1.4,0.1
297,Daryl Macon,SG,24,MIA,4,14,-2.9,.500,.667,.000,0.0,0.0,0.0,9.6,0.0,0.0,40.0,15.7,,0.0,0.0,0.0,-0.152,,-9.4,-5.8,-15.2,0.0
298,Josh Magette,PG,30,ORL,8,38,5.4,.378,.267,.133,2.7,14.2,8.3,19.9,3.9,2.4,23.9,23.8,,-0.2,0.1,-0.1,-0.116,,-8.7,2.3,-6.4,0.0
299,Ian Mahinmi,C,33,WAS,20,442,15.0,.554,.142,.593,11.0,17.7,14.2,9.0,1.8,5.6,16.9,16.0,,0.4,0.3,0.7,.080,,-1.3,2.2,0.9,0.3
300,Thon Maker,C,22,DET,40,440,12.0,.598,.316,.705,6.7,13.8,10.2,5.1,1.4,4.1,17.3,14.8,,0.3,0.4,0.7,.079,,-2.3,0.6,-1.7,0.0
301,Terance Mann,SG,23,LAC,26,220,7.7,.506,.213,.213,1.9,10.5,6.3,17.0,1.3,1.2,20.2,12.0,,0.0,0.2,0.3,.060,,-3.7,0.5,-3.2,-0.1
302,Boban Marjanović,C,31,DAL,21,209,21.3,.579,.071,.283,15.8,31.2,23.7,6.4,0.7,1.2,12.6,26.0,,0.4,0.3,0.7,.157,,-1.9,-2.7,-4.6,-0.1
303,Lauri Markkanen,PF,22,CHI,42,1268,14.8,.562,.526,.275,4.2,19.8,11.7,8.3,1.3,1.6,10.8,21.2,,1.1,1.5,2.7,.102,,-0.3,-0.3,-0.6,0.4
304,Caleb Martin,SF,24,CHO,5,32,5.0,.369,.300,.500,3.3,14.3,8.5,13.7,1.6,5.7,19.7,20.8,,-0.1,0.0,-0.1,-0.113,,-9.1,1.0,-8.1,0.0
305,Cody Martin,SF,24,CHO,31,444,10.2,.490,.388,.408,4.0,15.2,9.4,12.2,2.5,1.0,12.9,13.7,,0.1,0.4,0.5,.050,,-3.0,0.3,-2.7,-0.1
306,Kelan Martin,SF,24,MIN,17,295,6.3,.441,.523,.046,1.7,19.0,10.1,4.5,0.5,1.4,5.1,16.4,,-0.2,0.2,0.0,-0.002,,-5.1,-1.9,-7.0,-0.4
307,Frank Mason,PG,25,MIL,4,18,6.2,.285,.571,.571,5.8,5.2,5.5,32.6,2.5,0.0,10.2,22.4,,0.0,0.0,0.0,-0.023,,-4.4,-2.1,-6.5,0.0
308,Garrison Mathews,SG,23,WAS,15,196,14.7,.726,.840,.640,3.2,9.8,6.3,6.7,0.7,0.4,9.8,15.0,,0.6,0.0,0.6,.147,,3.5,-4.2,-0.7,0.1
309,Wesley Matthews,SG,33,MIL,40,968,8.2,.540,.679,.167,1.0,8.6,5.0,7.0,1.2,0.5,8.6,12.3,,0.5,1.4,1.9,.092,,-1.1,0.2,-0.9,0.3
310,Patrick McCaw,SF,24,TOR,19,518,8.3,.522,.427,.082,2.1,7.5,4.8,13.0,2.1,0.2,15.6,11.2,,0.1,0.7,0.8,.075,,-2.0,1.1,-0.9,0.1
311,CJ McCollum,SG,28,POR,41,1483,17.1,.542,.365,.121,2.0,9.5,5.8,17.4,1.1,1.6,8.1,25.7,,1.9,0.6,2.5,.082,,1.9,-1.9,0.0,0.8
312,T.J. McConnell,PG,27,IND,39,734,16.7,.537,.047,.107,3.0,12.2,7.6,39.8,1.7,0.6,18.6,18.0,,1.1,0.8,1.9,.123,,-0.7,-0.7,-1.4,0.1
313,Jalen McDaniels,PF,22,CHO,2,7,11.2,.400,.200,.000,15.0,0.0,7.8,0.0,0.0,0.0,0.0,31.3,,0.0,0.0,0.0,-0.103,,-6.4,-11.4,-17.9,0.0
314,Doug McDermott,PF,28,IND,41,846,12.5,.591,.522,.104,2.5,11.4,7.0,7.7,0.3,0.4,7.3,18.6,,1.1,0.6,1.7,.099,,0.8,-2.4,-1.6,0.1
315,JaVale McGee,C,32,LAL,41,696,21.4,.650,.015,.245,12.6,24.9,19.0,5.9,1.6,8.6,12.3,15.4,,1.7,1.6,3.3,.227,,-0.2,5.0,4.8,1.2
316,Rodney McGruder,SG,28,LAC,30,496,6.9,.486,.587,.135,3.6,13.8,8.8,4.9,1.4,1.2,9.8,10.1,,0.1,0.6,0.7,.066,,-2.3,1.2,-1.1,0.1
317,Alfonzo McKinnie,SF,27,CLE,27,333,6.5,.443,.418,.154,6.3,13.8,10.0,3.8,1.9,1.0,13.4,14.4,,-0.3,0.1,-0.2,-0.022,,-4.2,-1.2,-5.3,-0.3
318,Jordan McLaughlin,PG,23,MIN,6,94,10.0,.444,.469,.125,1.1,10.2,5.5,24.5,2.5,0.0,12.9,17.0,,0.0,0.1,0.1,.031,,-3.1,-1.6,-4.7,-0.1
319,Ben McLemore,SG,26,HOU,40,968,11.5,.595,.848,.137,1.6,8.9,5.3,5.5,1.3,0.9,8.7,16.1,,1.3,0.6,1.9,.094,,0.8,-2.0,-1.2,0.2
320,Jordan McRae,SG,28,WAS,24,553,17.0,.543,.320,.268,3.0,14.1,8.3,18.7,1.4,2.0,9.8,25.2,,0.7,0.1,0.8,.069,,0.6,-2.1,-1.6,0.1
321,Nicolò Melli,C,29,NOP,31,476,11.4,.570,.616,.268,3.5,13.2,8.2,8.8,2.0,0.9,12.0,15.2,,0.5,0.3,0.8,.077,,-0.6,-0.9,-1.5,0.1
322,De'Anthony Melton,PG,21,MEM,30,520,18.1,.567,.310,.332,4.7,19.2,12.0,24.0,3.3,1.8,16.6,20.3,,0.7,0.7,1.4,.129,,0.6,1.8,2.4,0.6
323,Chimezie Metu,PF,22,SAS,11,41,34.9,.609,.000,.273,20.8,23.0,21.9,13.1,1.2,6.3,3.9,26.9,,0.2,0.0,0.2,.290,,4.8,0.7,5.5,0.1
324,Khris Middleton,SF,28,MIL,36,1022,21.2,.607,.361,.232,3.1,16.0,9.9,20.4,1.6,0.5,11.0,26.1,,2.6,1.8,4.4,.205,,3.0,0.1,3.2,1.3
325,C.J. Miles,SG,32,WAS,10,161,11.2,.472,.593,.339,2.6,5.6,4.0,9.8,2.9,2.1,5.6,18.4,,0.0,0.1,0.1,.031,,-0.8,-1.8,-2.7,0.0
326,Malcolm Miller,SF,26,TOR,20,110,5.0,.416,.789,.316,1.0,12.1,6.6,9.5,1.7,1.7,12.2,9.6,,-0.1,0.2,0.1,.040,,-4.3,1.3,-3.0,0.0
327,Patty Mills,PG,31,SAS,39,906,14.9,.593,.624,.189,1.3,5.8,3.6,12.4,1.7,0.5,8.6,19.9,,1.4,0.3,1.8,.094,,2.7,-3.0,-0.3,0.4
328,Paul Millsap,PF,34,DEN,32,798,17.2,.586,.266,.340,8.7,17.0,12.8,8.2,1.7,2.5,11.5,19.9,,1.5,1.1,2.6,.155,,0.4,0.6,1.0,0.6
329,Shake Milton,SG,23,PHI,12,102,5.2,.492,.524,.310,2.2,13.9,8.1,12.7,0.5,0.8,21.4,25.6,,-0.2,0.1,-0.1,-0.059,,-5.9,-2.9,-8.8,-0.2
330,Donovan Mitchell,SG,23,UTA,40,1387,20.4,.560,.316,.238,2.5,10.5,6.7,22.3,1.6,0.6,9.9,31.0,,2.5,1.6,4.0,.140,,2.7,-0.9,1.8,1.3
331,Naz Mitrou-Long,SG,26,IND,3,43,10.3,.438,.688,.000,0.0,15.2,7.6,22.4,1.1,2.0,11.1,18.3,,0.0,0.1,0.0,.023,,-2.5,-0.8,-3.3,0.0
332,Adam Mokoka,SG,21,CHI,2,6,-19.9,.000,.400,.000,34.4,0.0,17.9,0.0,0.0,0.0,0.0,35.5,,-0.1,0.0,-0.1,-0.695,,-21.4,-13.7,-35.1,-0.1
333,Malik Monk,SG,21,CHO,42,806,11.0,.510,.460,.169,2.3,13.0,7.5,16.6,1.1,1.0,13.4,21.1,,-0.2,0.3,0.2,.010,,-2.2,-2.2,-4.4,-0.5
334,E'Twaun Moore,SG,30,NOP,30,648,12.7,.510,.388,.117,3.7,12.1,7.7,12.2,1.4,0.7,7.0,21.0,,0.4,0.3,0.6,.048,,-0.9,-2.2,-3.1,-0.2
335,Ja Morant,PG,20,MEM,35,1040,18.8,.576,.169,.319,2.4,10.0,6.2,35.2,1.6,0.8,17.4,26.5,,1.6,0.5,2.1,.095,,1.2,-1.9,-0.7,0.4
336,Juwan Morgan,PF,22,UTA,7,28,0.9,.400,.600,.000,0.0,14.8,7.7,4.7,0.0,2.9,28.6,11.0,,-0.1,0.0,0.0,-0.066,,-7.7,0.8,-7.0,0.0
337,Marcus Morris,SF,30,NYK,34,1081,17.1,.584,.410,.339,3.6,14.8,8.9,7.7,1.3,1.3,9.1,23.7,,1.9,0.4,2.4,.105,,1.7,-2.2,-0.5,0.4
338,Markieff Morris,PF,30,DET,34,752,12.8,.574,.485,.189,2.9,16.4,9.7,11.1,1.4,0.9,14.8,21.8,,0.2,0.5,0.7,.047,,-0.7,-1.5,-2.2,0.0
339,Monte Morris,PG,24,DEN,41,747,15.8,.522,.245,.147,1.6,7.7,4.6,26.7,1.7,1.1,7.5,18.5,,1.3,0.7,2.0,.127,,-0.2,-1.8,-2.0,0.0
340,Johnathan Motley,PF,24,LAC,7,17,21.6,.765,.200,.400,6.2,5.9,6.1,42.4,8.3,0.0,40.5,23.9,,0.0,0.0,0.1,.204,,1.5,2.9,4.4,0.0
341,Emmanuel Mudiay,PG,23,UTA,38,661,13.5,.553,.261,.224,2.2,13.5,8.1,22.1,1.2,1.0,17.5,21.6,,0.3,0.8,1.1,.077,,-1.6,-0.1,-1.7,0.1
342,Dejounte Murray,PG,23,SAS,35,837,17.3,.544,.150,.193,5.2,20.4,12.9,24.5,3.3,1.0,18.5,20.6,,0.5,1.0,1.6,.090,,-0.2,2.2,2.0,0.8
343,Jamal Murray,PG,22,DEN,40,1279,17.1,.537,.333,.219,2.8,11.3,7.0,22.1,2.1,0.8,11.5,25.1,,1.5,1.5,2.9,.109,,1.1,-0.5,0.6,0.8
344,Džanan Musa,SF,20,BRK,28,359,7.9,.470,.475,.308,3.8,12.4,8.2,11.1,1.3,0.2,16.0,18.8,,-0.3,0.4,0.0,.001,,-4.6,-1.1,-5.7,-0.3
345,Mike Muscala,C,28,OKC,27,321,10.2,.479,.731,.167,3.9,19.0,11.7,10.6,0.9,1.5,7.9,17.3,,0.0,0.3,0.4,.059,,-1.4,-0.9,-2.3,0.0
346,Sviatoslav Mykhailiuk,SF,22,DET,37,760,10.9,.596,.731,.137,1.5,6.6,4.1,11.6,1.5,0.2,13.0,15.8,,0.7,0.2,1.0,.061,,0.7,-2.4,-1.7,0.1
347,Abdel Nader,SF,26,OKC,32,520,10.7,.595,.510,.232,2.2,8.4,5.4,6.7,1.0,1.6,14.4,16.5,,0.3,0.4,0.7,.065,,-1.3,-1.2,-2.4,-0.1
348,Larry Nance,C,27,CLE,32,772,14.9,.579,.439,.197,7.4,23.8,15.6,9.6,1.6,1.7,12.2,13.6,,1.0,0.5,1.6,.098,,0.1,0.8,0.9,0.6
349,Shabazz Napier,PG,28,MIN,27,589,13.1,.515,.558,.309,1.0,11.0,5.9,29.3,2.1,0.8,18.0,21.0,,0.1,0.5,0.6,.052,,-1.0,-1.4,-2.5,-0.1
350,Raul Neto,PG,27,PHI,33,348,12.1,.589,.387,.113,1.6,8.1,4.9,18.8,2.1,0.5,19.5,17.1,,0.2,0.4,0.6,.082,,-1.9,-1.2,-3.1,-0.1
351,Georges Niang,PF,26,UTA,35,462,11.8,.618,.692,.082,2.0,13.2,7.8,6.3,0.6,0.7,8.5,15.7,,0.6,0.4,1.1,.113,,0.7,-1.5,-0.8,0.1
352,Nerlens Noel,C,25,OKC,34,625,22.9,.705,.000,.477,10.3,19.9,15.2,10.2,2.8,6.9,15.9,15.5,,1.9,1.3,3.2,.243,,1.4,5.5,6.9,1.4
353,Zach Norvell,SG,22,LAL,2,5,-5.6,.000,.000,.000,0.0,21.3,11.0,0.0,0.0,0.0,0.0,8.5,,0.0,0.0,0.0,-0.151,,-14.2,-2.8,-17.0,0.0
354,Jaylen Nowell,SG,20,MIN,7,81,7.3,.449,.548,.258,2.5,3.9,3.2,11.0,0.0,1.0,8.0,19.1,,0.0,0.0,0.0,-0.018,,-3.9,-4.4,-8.2,-0.1
355,Frank Ntilikina,PG,21,NYK,38,839,9.8,.494,.425,.174,1.9,8.6,5.1,20.7,2.4,1.6,17.5,14.3,,0.1,0.4,0.5,.028,,-2.1,-0.3,-2.4,-0.1
356,Kendrick Nunn,SG,24,MIA,40,1209,14.0,.546,.417,.108,1.1,8.5,5.0,19.6,1.5,0.6,10.8,23.6,,0.9,1.1,2.0,.079,,0.1,-2.0,-1.9,0.0
357,David Nwaba,SF,27,BRK,20,268,14.2,.627,.394,.380,3.1,13.7,8.6,4.4,1.9,3.7,8.8,14.1,,0.4,0.4,0.8,.144,,-1.6,1.5,-0.1,0.1
358,Royce O'Neale,PF,26,UTA,41,1210,9.4,.632,.615,.123,0.8,16.7,9.1,11.2,1.3,1.0,13.8,8.6,,1.4,1.6,2.9,.117,,0.1,2.3,2.5,1.4
359,Kyle O'Quinn,C,29,PHI,19,195,15.7,.540,.340,.151,12.6,27.4,20.1,19.9,0.5,6.4,23.1,16.2,,0.1,0.4,0.5,.120,,-1.9,4.0,2.2,0.2
360,Semi Ojeleye,PF,25,BOS,38,544,6.3,.531,.636,.159,2.8,9.8,6.3,4.4,1.1,0.3,6.9,7.9,,0.4,0.5,0.9,.078,,-1.8,-0.1,-1.8,0.0
361,Jahlil Okafor,C,24,NOP,24,399,18.4,.633,.015,.419,11.1,18.5,14.7,13.4,0.6,4.1,17.8,20.3,,0.8,0.3,1.0,.125,,-0.6,0.6,0.0,0.2
362,Elie Okobo,PG,22,PHO,32,380,14.4,.533,.387,.395,2.2,9.7,5.9,24.4,1.9,0.7,8.5,17.0,,0.6,0.3,0.9,.117,,-0.3,-1.6,-2.0,0.0
363,Josh Okogie,SG,21,MIN,38,906,10.4,.517,.427,.474,5.3,14.0,9.6,9.0,2.1,1.7,16.9,15.4,,0.0,0.9,1.0,.052,,-2.6,1.2,-1.5,0.1
364,KZ Okpala,SF,20,MIA,3,3,-13.5,,,,0.0,35.4,18.6,0.0,0.0,0.0,100.0,14.6,,0.0,0.0,0.0,-0.405,,-23.2,-1.3,-24.5,0.0
365,Kelly Olynyk,C,28,MIA,36,712,12.6,.610,.598,.256,4.6,20.0,12.7,9.2,1.6,1.4,15.6,16.2,,0.8,1.0,1.7,.117,,-0.3,0.3,0.0,0.4
366,Miye Oni,SG,22,UTA,3,8,-5.0,,,,0.0,12.9,6.8,0.0,0.0,0.0,100.0,5.5,,0.0,0.0,0.0,-0.139,,-11.7,0.6,-11.1,0.0
367,Cedi Osman,SF,24,CLE,41,1206,10.8,.561,.517,.151,1.6,11.2,6.5,10.5,1.4,0.8,12.8,16.4,,0.6,0.2,0.9,.034,,-0.3,-1.1,-1.4,0.2
368,Kelly Oubre,SF,24,PHO,40,1361,15.7,.567,.368,.310,3.8,16.9,10.2,7.1,2.0,1.9,8.6,22.0,,1.4,1.5,3.0,.104,,-0.2,0.1,-0.1,0.7
369,Jabari Parker,PF,24,ATL,32,837,17.6,.565,.293,.183,6.9,17.8,12.3,11.9,2.3,1.5,12.4,24.1,,0.6,0.8,1.4,.079,,0.1,-0.5,-0.4,0.3
370,Chandler Parsons,SF,31,ATL,5,54,5.8,.389,.778,.000,2.0,12.1,7.0,7.6,3.4,1.5,14.3,16.2,,-0.1,0.1,-0.1,-0.060,,-5.2,-0.2,-5.4,0.0
371,Eric Paschall,PF,23,GSW,38,1019,14.6,.569,.198,.323,5.2,12.7,8.8,11.0,0.9,0.9,11.3,21.5,,1.0,0.4,1.4,.066,,-1.1,-2.1,-3.2,-0.3
372,Anžejs Pasečņiks,C,24,WAS,15,306,12.7,.547,.011,.461,11.5,18.2,14.7,7.2,1.2,2.0,15.1,17.0,,0.3,0.1,0.4,.057,,-2.2,-0.9,-3.2,-0.1
373,Patrick Patterson,PF,30,LAC,37,509,11.7,.551,.756,.150,5.2,15.4,10.4,7.1,0.6,0.5,6.1,14.7,,0.7,0.5,1.2,.117,,0.6,-1.1,-0.5,0.2
374,Justin Patton,C,22,OKC,5,24,4.9,.450,.400,.000,4.7,17.8,11.5,12.7,0.0,0.0,16.7,22.0,,0.0,0.0,0.0,-0.062,,-5.7,-3.0,-8.7,0.0
375,Chris Paul,PG,34,OKC,41,1306,20.6,.594,.360,.314,1.2,15.8,8.7,31.7,2.5,0.3,13.0,22.1,,3.3,1.7,5.0,.183,,3.5,0.6,4.1,2.0
376,Elfrid Payton,PG,25,NYK,24,601,14.0,.448,.192,.131,4.3,12.5,8.2,34.5,2.8,1.1,16.3,18.9,,0.0,0.4,0.4,.030,,-1.3,0.0,-1.3,0.1
377,Gary Payton,PG,27,WAS,12,265,13.8,.542,.353,.103,5.5,15.0,10.0,15.4,3.9,1.6,17.4,13.4,,0.2,0.2,0.4,.071,,-0.4,1.8,1.4,0.2
378,Norvel Pelle,SF,26,PHI,12,129,12.5,.596,.000,.320,9.5,27.0,18.4,5.3,0.4,11.0,26.0,12.8,,0.0,0.3,0.3,.108,,-5.8,5.7,-0.1,0.1
379,Theo Pinson,SG,24,BRK,24,318,4.5,.379,.500,.113,3.0,11.2,7.2,21.0,1.6,0.5,17.2,23.6,,-0.9,0.3,-0.6,-0.092,,-6.3,-1.3,-7.6,-0.4
380,Mason Plumlee,C,29,DEN,41,722,19.1,.602,.020,.553,11.5,24.0,17.7,20.3,1.6,3.4,19.8,18.5,,1.3,1.2,2.4,.162,,0.0,3.1,3.1,0.9
381,Vincent Poirier,C,26,BOS,11,51,10.4,.430,.000,.222,16.8,16.8,16.8,8.2,1.9,3.6,16.8,19.9,,0.0,0.1,0.1,.052,,-4.8,1.5,-3.3,0.0
382,Jakob Pöltl,C,24,SAS,39,684,18.5,.603,.000,.319,11.4,22.8,17.1,13.8,1.3,7.0,16.7,12.4,,1.3,0.9,2.2,.156,,-0.2,4.6,4.4,1.1
383,Shamorie Ponds,PG,21,TOR,4,11,33.7,.765,.400,.400,0.0,9.3,4.7,33.2,0.0,8.6,0.0,22.9,,0.1,0.0,0.1,.458,,9.4,0.0,9.4,0.0
384,Jordan Poole,SG,20,GSW,36,762,5.1,.400,.552,.224,0.5,9.2,4.8,13.4,1.4,0.8,9.6,20.3,,-1.4,0.3,-1.1,-0.071,,-5.1,-2.7,-7.8,-1.1
385,Kevin Porter,SF,19,CLE,34,742,9.7,.521,.360,.217,1.8,14.7,8.3,13.3,1.9,0.7,17.5,19.4,,-0.4,0.3,-0.1,-0.006,,-2.8,-0.8,-3.6,-0.3
386,Michael Porter,PF,21,DEN,32,383,19.3,.629,.340,.157,8.0,21.7,14.8,7.9,1.2,3.4,12.4,21.9,,0.7,0.6,1.2,.153,,0.4,-0.3,0.2,0.2
387,Otto Porter,SF,26,CHI,9,226,13.6,.544,.476,.238,3.7,11.4,7.4,9.6,1.9,1.2,7.0,18.8,,0.2,0.2,0.5,.106,,-0.4,-0.7,-1.1,0.1
388,Bobby Portis,C,24,NYK,42,891,15.2,.524,.334,.163,7.1,21.9,14.2,11.1,1.2,1.0,9.5,20.9,,0.8,0.5,1.2,.067,,-0.6,-1.3,-1.9,0.0
389,Kristaps Porziņģis,PF,24,DAL,31,968,16.7,.510,.419,.254,6.0,24.9,15.7,7.0,0.9,5.7,9.0,25.5,,0.4,1.5,1.9,.093,,-2.1,0.9,-1.2,0.2
390,Dwight Powell,C,28,DAL,38,1024,16.5,.682,.171,.482,7.5,14.5,11.1,7.6,1.6,1.8,11.5,12.7,,2.7,1.1,3.7,.175,,1.8,1.4,3.2,1.3
391,Norman Powell,SG,26,TOR,29,838,16.0,.633,.460,.230,1.9,11.6,6.9,9.4,1.8,1.2,11.7,19.7,,1.3,1.2,2.5,.143,,1.3,0.4,1.6,0.8
392,Julius Randle,PF,25,NYK,40,1283,17.2,.532,.273,.339,6.9,23.5,14.8,17.2,1.2,0.7,14.0,27.3,,0.6,0.7,1.4,.051,,0.3,-0.8,-0.5,0.5
393,Josh Reaves,SG,22,DAL,2,1,-40.3,.000,.000,.000,0.0,0.0,0.0,0.0,0.0,0.0,0.0,42.7,,0.0,0.0,0.0,-1.025,,-38.2,-12.1,-50.3,0.0
394,Cam Reddish,SF,20,ATL,37,952,6.1,.429,.441,.230,2.6,12.8,7.6,8.7,1.9,1.5,14.9,18.2,,-1.7,0.6,-1.1,-0.057,,-5.3,-0.5,-5.8,-0.9
395,J.J. Redick,SG,35,NOP,37,1053,15.7,.643,.625,.275,0.8,10.2,5.4,10.2,0.6,0.5,8.3,19.3,,2.6,0.1,2.7,.124,,2.8,-3.2,-0.3,0.4
396,Naz Reid,C,20,MIN,11,145,15.1,.505,.552,.161,6.2,15.4,10.7,12.1,1.3,3.4,7.9,28.8,,0.0,0.1,0.2,.055,,0.0,-1.9,-1.9,0.0
397,Josh Richardson,SG,26,PHI,34,1100,13.4,.542,.390,.235,2.8,8.4,5.7,15.7,1.5,1.7,12.6,22.0,,0.7,1.3,2.0,.087,,-0.3,-0.4,-0.7,0.4
398,Austin Rivers,SG,27,HOU,38,870,9.1,.508,.538,.201,2.1,8.2,5.2,9.7,1.2,0.6,7.7,14.7,,0.6,0.5,1.1,.060,,-1.8,-1.6,-3.3,-0.3
399,Duncan Robinson,SF,25,MIA,40,1104,12.6,.662,.863,.085,0.7,11.8,6.6,5.5,1.0,1.0,6.8,15.1,,1.9,1.0,2.9,.128,,2.5,-1.4,1.1,0.9
400,Glenn Robinson,SF,26,GSW,42,1336,12.2,.551,.319,.136,4.6,11.8,8.1,8.2,1.4,0.7,8.6,16.3,,1.1,0.6,1.6,.059,,-1.0,-1.0,-2.1,0.0
401,Jerome Robinson,SG,22,LAC,34,392,5.6,.439,.479,.143,1.3,12.3,7.0,12.0,1.2,1.6,15.4,15.7,,-0.4,0.5,0.0,.004,,-4.5,0.4,-4.1,-0.2
402,Justin Robinson,PG,22,WAS,9,49,8.4,.542,.417,.000,2.1,9.3,5.5,18.4,0.0,1.8,20.0,12.7,,0.0,0.0,0.0,.001,,-3.3,-3.4,-6.8,-0.1
403,Mitchell Robinson,C,21,NYK,38,857,23.0,.710,.000,.435,12.6,18.2,15.3,3.4,1.9,7.3,9.2,14.4,,2.8,1.0,3.8,.212,,1.7,2.8,4.5,1.4
404,Rajon Rondo,PG,33,LAL,27,582,13.4,.493,.360,.127,2.7,16.3,9.7,33.4,2.1,0.3,21.5,19.3,,0.1,0.9,1.0,.083,,-1.6,0.5,-1.1,0.1
405,Derrick Rose,PG,31,DET,36,929,21.8,.564,.200,.185,2.4,7.8,5.1,41.8,1.5,1.2,14.3,31.4,,1.7,0.4,2.1,.107,,3.0,-2.7,0.4,0.6
406,Terrence Ross,SG,28,ORL,40,1023,13.7,.543,.575,.221,0.9,11.4,6.0,6.0,2.1,1.1,7.5,22.4,,0.5,1.3,1.8,.083,,-0.2,-1.1,-1.3,0.2
407,Terry Rozier,PG,25,CHO,44,1504,15.4,.550,.449,.203,2.5,11.6,6.8,21.9,1.7,0.4,12.6,24.3,,1.4,0.7,2.1,.067,,1.4,-1.9,-0.4,0.6
408,Ricky Rubio,PG,29,PHO,34,1098,16.5,.514,.301,.266,2.5,14.0,8.1,41.3,2.0,0.6,16.4,20.7,,1.5,1.0,2.5,.109,,0.5,-0.4,0.2,0.6
409,D'Angelo Russell,SG,23,GSW,25,796,18.7,.552,.489,.244,1.0,10.9,5.8,36.5,1.3,0.9,13.0,32.0,,0.7,0.3,1.0,.059,,4.2,-3.1,1.1,0.6
410,Domantas Sabonis,C,23,IND,38,1305,21.0,.576,.077,.332,10.8,30.8,20.9,19.0,1.2,1.5,14.1,23.3,,2.6,2.2,4.8,.175,,1.4,2.7,4.1,2.0
411,JaKarr Sampson,SF,26,IND,13,198,12.0,.621,.208,.167,4.4,14.3,9.4,2.8,1.5,3.1,10.4,12.7,,0.2,0.3,0.4,.108,,-1.9,1.0,-0.9,0.1
412,Dario Šarić,PF,25,PHO,41,1029,12.4,.546,.490,.166,6.3,21.1,13.5,10.6,1.2,0.9,12.6,17.3,,0.7,0.9,1.6,.076,,-0.9,0.0,-0.9,0.3
413,Tomáš Satoranský,PG,28,CHI,42,1208,14.7,.564,.380,.249,3.7,10.1,6.8,27.4,2.3,0.5,17.8,16.4,,1.6,1.3,3.0,.118,,0.2,0.1,0.3,0.7
414,Admiral Schofield,SF,22,WAS,24,288,7.0,.523,.622,.162,2.2,10.6,6.2,6.3,1.1,0.9,8.1,12.4,,0.1,0.0,0.1,.019,,-1.8,-2.5,-4.3,-0.2
415,Dennis Schröder,PG,26,OKC,40,1229,15.4,.563,.350,.204,1.2,11.9,6.7,20.0,1.1,0.7,14.9,27.4,,0.5,1.0,1.5,.057,,0.0,-1.6,-1.6,0.1
416,Mike Scott,PF,31,PHI,42,780,9.4,.532,.661,.095,4.6,14.8,9.8,4.3,0.8,0.3,5.7,13.5,,0.6,0.8,1.4,.086,,-1.2,-1.5,-2.7,-0.1
417,Thabo Sefolosha,PF,35,HOU,25,249,8.6,.476,.627,.020,5.4,16.9,11.2,8.3,1.9,1.4,12.0,9.6,,0.1,0.3,0.4,.074,,-2.8,0.8,-2.0,0.0
418,Collin Sexton,SG,21,CLE,41,1290,15.1,.531,.205,.237,3.4,7.5,5.5,12.2,1.5,0.3,10.3,26.9,,0.7,0.1,0.8,.030,,-0.7,-3.0,-3.8,-0.6
419,Landry Shamet,SG,22,LAC,25,665,7.8,.571,.758,.140,0.5,7.6,4.1,8.1,0.7,0.7,10.0,13.0,,0.6,0.5,1.1,.082,,0.0,-0.6,-0.6,0.2
420,Iman Shumpert,SG,29,BRK,13,241,5.4,.403,.516,.109,3.9,10.3,7.2,6.8,2.3,0.7,13.0,13.3,,-0.3,0.3,0.0,-0.001,,-4.8,0.9,-4.0,-0.1
421,Pascal Siakam,PF,25,TOR,29,1050,19.0,.554,.305,.225,3.8,18.3,11.2,17.7,1.3,2.4,10.6,29.4,,1.1,1.7,2.8,.128,,0.9,1.1,2.0,1.1
422,Chris Silva,PF,23,MIA,30,249,18.4,.712,.036,.745,21.8,19.6,20.7,9.1,1.2,6.2,28.4,18.0,,0.6,0.4,1.0,.189,,0.3,2.6,2.9,0.3
423,Ben Simmons,PG,23,PHI,40,1431,19.5,.583,.011,.409,5.9,17.4,11.7,34.8,2.9,1.6,20.9,20.0,,2.4,2.5,4.9,.164,,1.1,3.3,4.5,2.3
424,Anfernee Simons,SG,20,POR,42,936,9.4,.508,.409,.165,1.8,9.9,5.9,8.9,0.8,0.5,9.9,19.2,,0.0,0.3,0.3,.014,,-2.0,-2.5,-4.5,-0.6
425,Alen Smailagić,PF,19,GSW,9,92,17.2,.629,.310,.345,7.8,17.9,12.7,14.3,0.5,2.9,13.0,17.7,,0.2,0.1,0.2,.129,,-0.3,-1.0,-1.3,0.0
426,Marcus Smart,SG,25,BOS,31,973,13.5,.509,.578,.214,2.8,8.2,5.5,20.2,2.4,1.3,10.1,17.4,,1.1,1.3,2.4,.120,,1.2,0.5,1.7,0.9
427,Dennis Smith,PG,22,NYK,21,339,6.3,.392,.325,.238,3.8,10.0,6.7,24.5,1.4,2.0,17.7,21.0,,-0.7,0.1,-0.6,-0.084,,-4.9,-1.5,-6.5,-0.4
428,Ish Smith,PG,31,WAS,40,1044,14.0,.514,.263,.127,1.9,10.9,6.2,24.8,1.5,1.2,10.9,19.3,,0.9,0.1,1.0,.044,,-0.4,-2.1,-2.5,-0.1
429,Tony Snell,SF,28,DET,38,1001,9.4,.617,.690,.054,0.7,6.8,3.8,7.8,0.8,0.5,6.5,11.3,,1.3,0.2,1.5,.071,,0.6,-1.7,-1.1,0.2
430,Omari Spellman,PF,22,GSW,40,708,16.5,.570,.351,.305,10.3,18.7,14.4,8.9,1.9,2.7,14.5,19.0,,0.7,0.7,1.4,.093,,-0.9,0.1,-0.8,0.2
431,Max Strus,SG,23,CHI,2,6,31.0,.727,.333,.333,17.2,0.0,8.9,0.0,0.0,0.0,0.0,24.4,,0.0,0.0,0.0,.327,,7.2,-9.3,-2.1,0.0
432,Edmond Sumner,PG,24,IND,15,227,11.6,.508,.319,.159,3.4,8.1,5.8,15.6,2.4,1.5,10.9,16.0,,0.1,0.3,0.4,.087,,-1.3,0.5,-0.8,0.1
433,Caleb Swanigan,PF,22,SAC,7,23,0.1,.512,.000,.500,9.6,25.1,17.2,11.8,2.1,8.1,55.1,20.6,,-0.1,0.0,-0.1,-0.176,,-12.7,5.8,-7.0,0.0
434,Jayson Tatum,PF,21,BOS,39,1331,18.0,.534,.359,.218,3.1,18.4,10.8,13.4,1.9,2.3,9.9,27.5,,1.1,2.1,3.2,.117,,0.2,0.7,0.9,1.0
435,Jeff Teague,PG,31,MIN,34,945,16.5,.578,.269,.444,1.6,8.2,4.8,33.4,1.2,1.1,16.4,20.2,,1.9,0.5,2.4,.122,,0.3,-2.3,-2.0,0.0
436,Garrett Temple,SG,33,BRK,36,1052,9.7,.498,.657,.152,2.1,9.6,6.0,12.8,1.4,1.3,11.0,16.9,,0.0,1.0,1.1,.049,,-1.4,0.0,-1.4,0.2
437,Daniel Theis,C,27,BOS,36,787,16.4,.574,.219,.242,9.7,20.2,15.0,9.5,1.4,5.9,10.5,14.4,,1.4,1.5,2.9,.177,,0.0,4.0,4.0,1.2
438,Isaiah Thomas,PG,30,WAS,31,736,11.6,.524,.421,.190,1.0,6.0,3.4,24.5,0.8,0.6,14.9,24.1,,0.1,-0.2,-0.1,-0.006,,-0.9,-5.0,-5.9,-0.7
439,Khyri Thomas,SG,23,DET,2,6,4.0,.568,,,0.0,0.0,0.0,0.0,0.0,0.0,0.0,6.4,,0.0,0.0,0.0,.024,,-4.4,-3.1,-7.5,0.0
440,Matt Thomas,SG,25,TOR,15,180,12.2,.647,.741,.121,1.8,10.8,6.4,5.0,1.1,0.0,8.9,16.0,,0.3,0.2,0.5,.122,,0.6,-2.0,-1.3,0.0
441,Tristan Thompson,C,28,CLE,39,1238,17.3,.538,.020,.295,14.5,21.7,18.1,10.5,1.1,2.6,14.1,18.7,,1.5,0.7,2.2,.084,,-0.4,1.0,0.6,0.8
442,Matisse Thybulle,SG,22,PHI,34,622,10.3,.547,.598,.212,2.7,5.8,4.3,8.6,3.7,3.8,17.2,12.1,,0.1,1.2,1.2,.096,,-1.5,3.4,1.9,0.6
443,Anthony Tolliver,PF,34,POR,32,537,7.8,.511,.757,.165,5.2,15.2,10.2,6.8,0.7,1.4,14.5,11.4,,0.1,0.3,0.4,.037,,-1.6,-0.6,-2.2,0.0
444,Karl-Anthony Towns,C,24,MIN,23,779,28.2,.654,.486,.352,8.1,28.0,17.8,23.7,1.4,3.0,13.4,28.5,,2.8,1.1,3.9,.243,,7.4,1.9,9.3,2.2
445,Gary Trent,SG,21,POR,29,382,8.9,.502,.627,.068,2.2,7.9,5.1,6.4,1.5,1.1,6.9,14.5,,0.1,0.2,0.3,.035,,-1.3,-1.7,-3.0,-0.1
446,Allonzo Trier,PG,24,NYK,19,233,13.3,.605,.549,.476,0.9,10.3,5.4,15.9,0.4,1.6,16.8,21.5,,0.3,0.0,0.3,.056,,-0.4,-3.6,-4.1,-0.1
447,P.J. Tucker,PF,34,HOU,40,1397,9.2,.604,.657,.131,4.6,16.6,10.6,5.3,1.5,1.0,15.1,8.9,,1.3,1.4,2.7,.091,,-0.6,1.2,0.6,0.9
448,Rayjon Tucker,SG,22,UTA,8,57,5.3,.451,.500,.500,2.0,12.7,7.6,4.6,0.9,0.0,7.6,10.1,,0.0,0.1,0.0,.036,,-3.9,-0.5,-4.4,0.0
449,Evan Turner,PG,31,ATL,18,230,7.4,.434,.079,.222,3.2,13.7,8.4,21.9,1.6,2.9,26.6,17.0,,-0.4,0.2,-0.3,-0.057,,-7.3,0.4,-6.9,-0.3
450,Myles Turner,C,23,IND,33,975,15.3,.567,.450,.292,4.9,17.4,11.2,6.0,0.9,6.0,10.2,18.6,,0.9,1.5,2.4,.119,,-0.4,2.3,1.9,1.0
451,Jonas Valančiūnas,C,27,MEM,38,962,22.5,.653,.144,.226,11.4,29.9,20.7,12.3,0.6,3.3,14.8,22.5,,2.3,0.9,3.3,.164,,1.7,0.7,2.3,1.1
452,Denzel Valentine,SF,26,CHI,23,271,15.1,.556,.607,.041,1.1,16.1,8.3,13.3,2.5,1.7,8.8,21.4,,0.2,0.4,0.6,.104,,-0.1,-0.4,-0.4,0.1
453,Jarred Vanderbilt,SF,20,DEN,4,13,1.1,1.000,.000,.000,0.0,17.1,8.5,9.9,0.0,0.0,66.7,10.0,,0.0,0.0,0.0,-0.080,,-7.9,-1.2,-9.1,0.0
454,Fred VanVleet,PG,25,TOR,31,1125,16.3,.534,.463,.282,0.9,10.1,5.6,29.5,2.5,1.0,12.9,22.8,,1.4,1.8,3.2,.134,,1.5,0.5,2.0,1.1
455,Noah Vonleh,C,24,MIN,28,347,15.7,.605,.163,.326,9.8,25.1,17.2,11.1,1.5,1.4,16.2,13.9,,0.6,0.4,1.0,.137,,-1.7,1.1,-0.6,0.1
456,Nikola Vučević,C,29,ORL,31,976,22.5,.533,.281,.185,8.7,28.8,18.5,18.9,1.4,2.7,6.6,26.1,,1.8,1.7,3.5,.170,,2.4,2.3,4.6,1.6
457,Dean Wade,PF,23,CLE,7,47,16.3,.766,.300,.100,4.7,30.3,17.5,3.2,2.1,5.4,22.3,12.3,,0.0,0.1,0.1,.111,,-2.7,1.8,-1.0,0.0
458,Moritz Wagner,C,22,WAS,21,429,18.7,.682,.350,.269,8.2,24.6,16.0,9.8,1.6,2.6,19.4,21.4,,0.8,0.3,1.0,.116,,1.2,-0.6,0.6,0.3
459,Kemba Walker,PG,29,BOS,36,1148,22.0,.589,.530,.255,2.6,10.8,6.7,25.2,1.3,1.7,10.7,28.1,,3.1,1.4,4.5,.187,,5.4,-1.1,4.4,1.9
460,Lonnie Walker,SG,21,SAS,31,364,11.4,.514,.271,.194,3.5,15.2,9.4,6.8,1.4,0.9,11.1,22.3,,-0.2,0.2,0.1,.009,,-3.4,-2.6,-6.0,-0.4
461,Tyrone Wallace,SG,25,ATL,14,160,4.0,.389,.341,.386,2.0,12.9,7.4,11.1,2.0,0.5,16.3,16.0,,-0.3,0.1,-0.2,-0.069,,-6.9,-1.2,-8.1,-0.2
462,Taurean Waller-Prince,SF,25,BRK,40,1214,9.6,.501,.581,.094,2.9,19.0,11.1,10.0,1.4,1.2,14.5,19.6,,-0.9,1.6,0.7,.027,,-2.8,0.6,-2.2,-0.1
463,Derrick Walton,PG,24,LAC,22,215,8.5,.627,.583,.194,1.0,6.1,3.6,12.4,0.9,0.0,9.3,8.2,,0.3,0.2,0.5,.115,,-0.6,-1.1,-1.8,0.0
464,Brad Wanamaker,PG,30,BOS,39,734,12.3,.557,.272,.408,1.9,9.9,5.9,20.1,1.6,1.2,16.6,15.7,,0.9,0.9,1.7,.114,,-1.4,-0.1,-1.5,0.1
465,T.J. Warren,SF,26,IND,41,1326,16.1,.580,.228,.217,3.2,9.7,6.5,6.7,1.5,1.2,7.6,22.5,,1.8,1.4,3.2,.117,,0.5,-0.8,-0.3,0.6
466,PJ Washington,PF,21,CHO,39,1186,13.5,.576,.350,.260,2.8,17.5,9.9,10.7,1.5,2.7,12.9,17.8,,0.9,0.9,1.8,.072,,-1.2,0.6,-0.7,0.4
467,Yuta Watanabe,SG,25,MEM,4,18,11.8,.583,.333,.000,6.0,23.6,14.8,0.0,0.0,4.8,14.3,16.2,,0.0,0.0,0.0,.033,,-6.1,-4.1,-10.3,0.0
468,Tremont Waters,PG,22,BOS,5,39,14.0,.506,.550,.200,0.0,8.2,4.1,19.9,3.7,4.7,18.7,29.3,,-0.1,0.1,0.0,.022,,-2.9,0.7,-2.2,0.0
469,Paul Watson,SG,25,ATL,2,17,-7.0,.000,.429,.000,0.0,12.8,6.3,21.5,2.7,0.0,0.0,17.1,,-0.1,0.0,-0.1,-0.321,,-13.4,-1.8,-15.2,-0.1
470,Russell Westbrook,PG,31,HOU,34,1203,18.8,.510,.227,.305,4.4,18.2,11.3,34.2,2.0,0.9,15.1,33.1,,0.8,1.4,2.1,.085,,-0.1,0.7,0.5,0.8
471,Coby White,SG,19,CHI,42,1015,10.3,.480,.473,.135,1.7,14.4,7.8,14.6,1.5,0.3,11.5,23.4,,-0.9,1.0,0.1,.007,,-2.9,-1.4,-4.3,-0.6
472,Derrick White,SG,25,SAS,37,870,14.6,.578,.336,.325,2.1,11.1,6.6,17.9,1.1,2.7,12.3,17.3,,1.3,0.5,1.8,.099,,0.3,-0.5,-0.2,0.4
473,Hassan Whiteside,C,30,POR,38,1137,25.0,.625,.010,.339,14.0,33.4,23.8,6.4,0.6,8.0,13.5,20.4,,3.0,1.9,4.9,.207,,-0.2,3.0,2.8,1.4
474,Andrew Wiggins,SF,24,MIN,32,1109,16.7,.525,.332,.255,3.7,11.5,7.5,16.9,0.9,2.4,9.8,28.6,,0.7,0.8,1.4,.062,,0.1,-1.3,-1.1,0.2
475,Grant Williams,PF,21,BOS,38,573,6.6,.468,.444,.342,5.8,11.0,8.4,9.0,1.2,2.7,18.7,12.3,,-0.2,0.7,0.6,.046,,-3.2,1.5,-1.7,0.0
476,Johnathan Williams,C,24,WAS,6,123,16.0,.682,.045,.227,10.9,23.0,16.7,6.4,0.4,3.5,7.6,8.8,,0.3,0.0,0.4,.138,,-0.2,0.1,0.0,0.1
477,Kenrich Williams,PF,25,NOP,35,779,7.9,.430,.671,.168,6.5,18.0,12.1,8.5,1.5,2.3,12.0,9.3,,0.1,0.6,0.7,.042,,-2.3,1.6,-0.8,0.2
478,Lou Williams,SG,33,LAC,39,1168,18.3,.560,.330,.365,1.5,8.5,5.1,31.8,1.0,0.4,15.0,28.4,,2.0,1.0,3.1,.126,,1.8,-2.0,-0.2,0.5
479,Marvin Williams,PF,33,CHO,36,705,12.3,.604,.573,.238,1.9,13.3,7.4,7.3,1.8,2.1,9.7,14.1,,0.9,0.5,1.3,.090,,-0.7,-0.3,-1.0,0.2
480,Robert Williams,C,22,BOS,19,269,18.4,.671,.000,.286,9.2,25.4,17.3,10.7,3.1,7.1,22.5,11.3,,0.4,0.7,1.1,.196,,-1.1,7.0,6.0,0.5
481,Nigel Williams-Goss,PG,25,UTA,9,28,5.8,.254,.286,.286,8.1,11.1,9.7,22.5,1.7,2.9,20.2,15.5,,-0.1,0.0,0.0,-0.039,,-6.5,1.9,-4.6,0.0
482,D.J. Wilson,PF,23,MIL,24,228,8.5,.500,.584,.091,2.7,18.3,11.0,9.7,0.0,1.5,12.1,16.5,,0.0,0.3,0.3,.063,,-3.5,-0.7,-4.2,-0.1
483,Justise Winslow,SF,23,MIA,11,352,8.9,.440,.209,.209,5.4,17.2,11.6,18.6,1.0,1.4,14.6,20.6,,-0.3,0.4,0.1,.009,,-4.1,0.4,-3.7,-0.2
484,Christian Wood,PF,24,DET,38,639,22.1,.654,.267,.516,8.8,26.3,17.6,6.8,1.0,4.0,12.4,21.4,,1.6,0.7,2.3,.176,,0.6,-0.2,0.3,0.4
485,Delon Wright,SG,27,DAL,39,804,18.3,.576,.288,.243,4.9,13.3,9.2,21.1,3.1,1.8,11.0,14.9,,1.9,1.1,3.0,.181,,1.7,2.1,3.8,1.2
486,Thaddeus Young,PF,31,CHI,41,911,12.4,.487,.368,.129,7.0,15.5,11.1,12.4,2.4,1.1,13.5,20.8,,-0.4,1.2,0.8,.043,,-2.3,0.7,-1.6,0.1
487,Trae Young,PG,21,ATL,37,1303,23.4,.589,.448,.389,1.8,12.1,6.9,43.5,1.6,0.3,16.3,34.9,,2.7,0.6,3.3,.120,,7.1,-2.3,4.7,2.2
488,Cody Zeller,C,27,CHO,41,945,19.0,.591,.181,.373,12.8,20.8,16.6,9.3,1.3,1.6,12.3,21.1,,1.9,0.7,2.6,.130,,0.5,-0.9,-0.4,0.4
489,Ante Žižić,C,23,CLE,16,159,19.0,.621,.000,.306,9.7,28.2,19.0,2.9,1.8,2.1,8.3,16.3,,0.4,0.1,0.5,.155,,-2.1,-1.4,-3.5,-0.1
490,Ivica Zubac,C,22,LAC,42,737,21.5,.646,.009,.402,15.0,25.3,20.3,7.6,0.4,5.0,12.1,17.1,,2.3,1.3,3.5,.231,,0.8,2.3,3.1,1.0
