,Dates,Start (ET),Visitor/Neutral,PTS,Home/Neutral,PTS,Box_Score,OT?,Attend.,Notes
0,"Tue, Oct 22, 2019",8:00p,New Orleans Pelicans,122,Toronto Raptors,130,Box Score,OT,"20,787",
1,"Tue, Oct 22, 2019",10:30p,Los Angeles Lakers,102,Los Angeles Clippers,112,Box Score,,"19,068",
2,"Wed, Oct 23, 2019",7:00p,Chicago Bulls,125,Charlotte Hornets,126,Box Score,,"15,424",
3,"Wed, Oct 23, 2019",7:00p,Detroit Pistons,119,Indiana Pacers,110,Box Score,,"17,923",
4,"Wed, Oct 23, 2019",7:00p,Cleveland Cavaliers,85,Orlando Magic,94,Box Score,,"18,846",
5,"Wed, Oct 23, 2019",7:30p,Minnesota Timberwolves,127,Brooklyn Nets,126,Box Score,OT,"17,732",
6,"Wed, Oct 23, 2019",7:30p,Memphis Grizzlies,101,Miami Heat,120,Box Score,,"19,600",
7,"Wed, Oct 23, 2019",7:30p,Boston Celtics,93,Philadelphia 76ers,107,Box Score,,"20,422",
8,"Wed, Oct 23, 2019",8:30p,Washington Wizards,100,Dallas Mavericks,108,Box Score,,"19,816",
9,"Wed, Oct 23, 2019",8:30p,New York Knicks,111,San Antonio Spurs,120,Box Score,,"18,354",
10,"Wed, Oct 23, 2019",9:00p,Oklahoma City Thunder,95,Utah Jazz,100,Box Score,,"18,306",
11,"Wed, Oct 23, 2019",10:00p,Sacramento Kings,95,Phoenix Suns,124,Box Score,,"18,055",
12,"Wed, Oct 23, 2019",10:00p,Denver Nuggets,108,Portland Trail Blazers,100,Box Score,,"19,991",
13,"Thu, Oct 24, 2019",7:00p,Atlanta Hawks,117,Detroit Pistons,100,Box Score,,"20,338",
14,"Thu, Oct 24, 2019",8:00p,Milwaukee Bucks,117,Houston Rockets,111,Box Score,,"18,055",
15,"Thu, Oct 24, 2019",10:30p,Los Angeles Clippers,141,Golden State Warriors,122,Box Score,,"18,064",
16,"Fri, Oct 25, 2019",7:00p,Toronto Raptors,106,Boston Celtics,112,Box Score,,"18,624",
17,"Fri, Oct 25, 2019",7:00p,Minnesota Timberwolves,121,Charlotte Hornets,99,Box Score,,"14,879",
18,"Fri, Oct 25, 2019",7:30p,New York Knicks,109,Brooklyn Nets,113,Box Score,,"17,732",
19,"Fri, Oct 25, 2019",8:00p,Chicago Bulls,110,Memphis Grizzlies,102,Box Score,,"17,794",
20,"Fri, Oct 25, 2019",8:00p,Dallas Mavericks,123,New Orleans Pelicans,116,Box Score,,"17,027",
21,"Fri, Oct 25, 2019",8:00p,Washington Wizards,97,Oklahoma City Thunder,85,Box Score,,"18,203",
22,"Fri, Oct 25, 2019",9:00p,Phoenix Suns,107,Denver Nuggets,108,Box Score,OT,"19,557",
23,"Fri, Oct 25, 2019",10:00p,Portland Trail Blazers,122,Sacramento Kings,112,Box Score,,"17,583",
24,"Fri, Oct 25, 2019",10:30p,Utah Jazz,86,Los Angeles Lakers,95,Box Score,,"18,997",
25,"Sat, Oct 26, 2019",5:00p,Miami Heat,131,Milwaukee Bucks,126,Box Score,OT,"17,467",
26,"Sat, Oct 26, 2019",7:00p,Philadelphia 76ers,117,Detroit Pistons,111,Box Score,,"16,207",
27,"Sat, Oct 26, 2019",7:30p,Orlando Magic,99,Atlanta Hawks,103,Box Score,,"17,078",
28,"Sat, Oct 26, 2019",7:30p,Boston Celtics,118,New York Knicks,95,Box Score,,"19,812",
29,"Sat, Oct 26, 2019",8:00p,Toronto Raptors,108,Chicago Bulls,84,Box Score,,"21,498",
30,"Sat, Oct 26, 2019",8:00p,Indiana Pacers,99,Cleveland Cavaliers,110,Box Score,,"19,432",
31,"Sat, Oct 26, 2019",8:00p,New Orleans Pelicans,123,Houston Rockets,126,Box Score,,"18,055",
32,"Sat, Oct 26, 2019",8:30p,Washington Wizards,122,San Antonio Spurs,124,Box Score,,"18,354",
33,"Sat, Oct 26, 2019",9:00p,Sacramento Kings,81,Utah Jazz,113,Box Score,,"18,306",
34,"Sat, Oct 26, 2019",10:00p,Los Angeles Clippers,122,Phoenix Suns,130,Box Score,,"15,802",
35,"Sun, Oct 27, 2019",3:30p,Golden State Warriors,92,Oklahoma City Thunder,120,Box Score,,"18,203",
36,"Sun, Oct 27, 2019",6:00p,Brooklyn Nets,133,Memphis Grizzlies,134,Box Score,OT,"15,517",
37,"Sun, Oct 27, 2019",7:00p,Portland Trail Blazers,121,Dallas Mavericks,119,Box Score,,"19,707",
38,"Sun, Oct 27, 2019",7:00p,Miami Heat,109,Minnesota Timberwolves,116,Box Score,,"17,049",
39,"Sun, Oct 27, 2019",9:30p,Charlotte Hornets,101,Los Angeles Lakers,120,Box Score,,"18,997",
40,"Mon, Oct 28, 2019",7:00p,Chicago Bulls,98,New York Knicks,105,Box Score,,"19,812",
41,"Mon, Oct 28, 2019",7:00p,Indiana Pacers,94,Detroit Pistons,96,Box Score,,"13,565",
42,"Mon, Oct 28, 2019",7:30p,Orlando Magic,95,Toronto Raptors,104,Box Score,,"19,800",
43,"Mon, Oct 28, 2019",7:30p,Philadelphia 76ers,105,Atlanta Hawks,103,Box Score,,"14,094",
44,"Mon, Oct 28, 2019",8:00p,Oklahoma City Thunder,112,Houston Rockets,116,Box Score,,"18,055",
45,"Mon, Oct 28, 2019",8:00p,Cleveland Cavaliers,112,Milwaukee Bucks,129,Box Score,,"17,385",
46,"Mon, Oct 28, 2019",8:00p,Golden State Warriors,134,New Orleans Pelicans,123,Box Score,,"17,307",
47,"Mon, Oct 28, 2019",8:30p,Portland Trail Blazers,110,San Antonio Spurs,113,Box Score,,"18,083",
48,"Mon, Oct 28, 2019",10:00p,Utah Jazz,96,Phoenix Suns,95,Box Score,,"14,805",
49,"Mon, Oct 28, 2019",10:00p,Denver Nuggets,101,Sacramento Kings,94,Box Score,,"15,870",
50,"Mon, Oct 28, 2019",10:30p,Charlotte Hornets,96,Los Angeles Clippers,111,Box Score,,"19,068",
51,"Tue, Oct 29, 2019",7:30p,Atlanta Hawks,97,Miami Heat,112,Box Score,,"19,600",
52,"Tue, Oct 29, 2019",9:00p,Dallas Mavericks,109,Denver Nuggets,106,Box Score,,"16,605",
53,"Tue, Oct 29, 2019",10:30p,Memphis Grizzlies,91,Los Angeles Lakers,120,Box Score,,"18,997",
54,"Wed, Oct 30, 2019",7:00p,Chicago Bulls,111,Cleveland Cavaliers,117,Box Score,,"17,595",
55,"Wed, Oct 30, 2019",7:00p,New York Knicks,83,Orlando Magic,95,Box Score,,"17,456",
56,"Wed, Oct 30, 2019",7:00p,Minnesota Timberwolves,95,Philadelphia 76ers,117,Box Score,,"20,204",
57,"Wed, Oct 30, 2019",7:30p,Milwaukee Bucks,105,Boston Celtics,116,Box Score,,"18,624",
58,"Wed, Oct 30, 2019",7:30p,Indiana Pacers,118,Brooklyn Nets,108,Box Score,,"17,083",
59,"Wed, Oct 30, 2019",7:30p,Detroit Pistons,113,Toronto Raptors,125,Box Score,,"19,800",
60,"Wed, Oct 30, 2019",8:00p,Portland Trail Blazers,102,Oklahoma City Thunder,99,Box Score,,"18,203",
61,"Wed, Oct 30, 2019",8:00p,Houston Rockets,159,Washington Wizards,158,Box Score,,"20,476",
62,"Wed, Oct 30, 2019",10:00p,Charlotte Hornets,118,Sacramento Kings,111,Box Score,,"15,416",
63,"Wed, Oct 30, 2019",10:00p,Los Angeles Clippers,96,Utah Jazz,110,Box Score,,"18,306",
64,"Wed, Oct 30, 2019",10:30p,Phoenix Suns,121,Golden State Warriors,110,Box Score,,"18,064",
65,"Thu, Oct 31, 2019",7:00p,Miami Heat,106,Atlanta Hawks,97,Box Score,,"16,539",
66,"Thu, Oct 31, 2019",9:30p,Denver Nuggets,107,New Orleans Pelicans,122,Box Score,,"16,613",
67,"Thu, Oct 31, 2019",10:30p,San Antonio Spurs,97,Los Angeles Clippers,103,Box Score,,"19,068",
0,"Fri, Nov 1, 2019",7:00p,Houston Rockets,116,Brooklyn Nets,123,Box Score,,"17,732",
1,"Fri, Nov 1, 2019",7:00p,Cleveland Cavaliers,95,Indiana Pacers,102,Box Score,,"16,079",
2,"Fri, Nov 1, 2019",7:00p,Milwaukee Bucks,123,Orlando Magic,91,Box Score,,"15,105",
3,"Fri, Nov 1, 2019",7:30p,New York Knicks,102,Boston Celtics,104,Box Score,,"18,624",
4,"Fri, Nov 1, 2019",8:00p,Detroit Pistons,106,Chicago Bulls,112,Box Score,,"20,671",
5,"Fri, Nov 1, 2019",9:30p,Los Angeles Lakers,119,Dallas Mavericks,110,Box Score,OT,"20,358",
6,"Fri, Nov 1, 2019",10:00p,Utah Jazz,101,Sacramento Kings,102,Box Score,,"16,273",
7,"Fri, Nov 1, 2019",10:30p,San Antonio Spurs,127,Golden State Warriors,110,Box Score,,"18,064",
8,"Sat, Nov 2, 2019",5:00p,New Orleans Pelicans,104,Oklahoma City Thunder,115,Box Score,,"18,203",
9,"Sat, Nov 2, 2019",7:00p,Brooklyn Nets,109,Detroit Pistons,113,Box Score,,"17,222",
10,"Sat, Nov 2, 2019",7:00p,Denver Nuggets,91,Orlando Magic,87,Box Score,,"17,025",
11,"Sat, Nov 2, 2019",8:00p,Phoenix Suns,114,Memphis Grizzlies,105,Box Score,,"14,144",
12,"Sat, Nov 2, 2019",8:00p,Toronto Raptors,105,Milwaukee Bucks,115,Box Score,,"17,637",
13,"Sat, Nov 2, 2019",8:00p,Minnesota Timberwolves,131,Washington Wizards,109,Box Score,,"15,150",
14,"Sat, Nov 2, 2019",8:30p,Charlotte Hornets,93,Golden State Warriors,87,Box Score,,"18,064",
15,"Sat, Nov 2, 2019",10:00p,Philadelphia 76ers,129,Portland Trail Blazers,128,Box Score,,"19,669",
16,"Sun, Nov 3, 2019",5:00p,Chicago Bulls,95,Indiana Pacers,108,Box Score,,"17,073",
17,"Sun, Nov 3, 2019",6:00p,Houston Rockets,100,Miami Heat,129,Box Score,,"19,724",
18,"Sun, Nov 3, 2019",6:00p,Sacramento Kings,113,New York Knicks,92,Box Score,,"19,812",
19,"Sun, Nov 3, 2019",7:00p,Los Angeles Lakers,103,San Antonio Spurs,96,Box Score,,"18,610",
20,"Sun, Nov 3, 2019",7:30p,Dallas Mavericks,131,Cleveland Cavaliers,111,Box Score,,"18,078",
21,"Sun, Nov 3, 2019",9:00p,Utah Jazz,94,Los Angeles Clippers,105,Box Score,,"19,068",
22,"Mon, Nov 4, 2019",7:00p,Detroit Pistons,99,Washington Wizards,115,Box Score,,"13,052",
23,"Mon, Nov 4, 2019",7:30p,New Orleans Pelicans,125,Brooklyn Nets,135,Box Score,,"17,194",
24,"Mon, Nov 4, 2019",8:00p,Houston Rockets,107,Memphis Grizzlies,100,Box Score,,"14,197",
25,"Mon, Nov 4, 2019",8:00p,Milwaukee Bucks,134,Minnesota Timberwolves,106,Box Score,,"16,271",
26,"Mon, Nov 4, 2019",9:00p,Philadelphia 76ers,109,Phoenix Suns,114,Box Score,,"14,285",
27,"Mon, Nov 4, 2019",10:30p,Portland Trail Blazers,118,Golden State Warriors,127,Box Score,,"18,064",
28,"Tue, Nov 5, 2019",7:00p,Indiana Pacers,120,Charlotte Hornets,122,Box Score,OT,"13,341",
29,"Tue, Nov 5, 2019",7:00p,Boston Celtics,119,Cleveland Cavaliers,113,Box Score,,"17,709",
30,"Tue, Nov 5, 2019",7:30p,San Antonio Spurs,100,Atlanta Hawks,108,Box Score,,"14,025",
31,"Tue, Nov 5, 2019",8:00p,Los Angeles Lakers,118,Chicago Bulls,112,Box Score,,"21,193",
32,"Tue, Nov 5, 2019",8:00p,Orlando Magic,94,Oklahoma City Thunder,102,Box Score,,"18,203",
33,"Tue, Nov 5, 2019",9:00p,Miami Heat,89,Denver Nuggets,109,Box Score,,"18,010",
34,"Wed, Nov 6, 2019",7:00p,New York Knicks,102,Detroit Pistons,122,Box Score,,"15,463",
35,"Wed, Nov 6, 2019",7:00p,Washington Wizards,106,Indiana Pacers,121,Box Score,,"16,171",
36,"Wed, Nov 6, 2019",7:30p,Chicago Bulls,113,Atlanta Hawks,93,Box Score,,"15,049",
37,"Wed, Nov 6, 2019",7:30p,Golden State Warriors,112,Houston Rockets,129,Box Score,,"18,055",
38,"Wed, Nov 6, 2019",7:30p,Sacramento Kings,120,Toronto Raptors,124,Box Score,,"19,800",
39,"Wed, Nov 6, 2019",8:00p,Minnesota Timberwolves,121,Memphis Grizzlies,137,Box Score,,"13,503",
40,"Wed, Nov 6, 2019",8:30p,Orlando Magic,106,Dallas Mavericks,107,Box Score,,"19,487",
41,"Wed, Nov 6, 2019",9:00p,Philadelphia 76ers,104,Utah Jazz,106,Box Score,,"18,306",
42,"Wed, Nov 6, 2019",10:00p,Milwaukee Bucks,129,Los Angeles Clippers,124,Box Score,,"19,068",
43,"Thu, Nov 7, 2019",8:00p,Boston Celtics,108,Charlotte Hornets,87,Box Score,,"18,487",
44,"Thu, Nov 7, 2019",8:30p,Oklahoma City Thunder,112,San Antonio Spurs,121,Box Score,,"18,354",
45,"Thu, Nov 7, 2019",9:00p,Miami Heat,124,Phoenix Suns,108,Box Score,,"15,498",
46,"Thu, Nov 7, 2019",10:30p,Portland Trail Blazers,101,Los Angeles Clippers,107,Box Score,,"19,068",
47,"Fri, Nov 8, 2019",7:00p,Detroit Pistons,106,Indiana Pacers,112,Box Score,,"15,544",
48,"Fri, Nov 8, 2019",7:00p,Memphis Grizzlies,86,Orlando Magic,118,Box Score,,"17,021",
49,"Fri, Nov 8, 2019",7:00p,Cleveland Cavaliers,113,Washington Wizards,100,Box Score,,"16,946",
50,"Fri, Nov 8, 2019",7:30p,Sacramento Kings,121,Atlanta Hawks,109,Box Score,,"16,447",
51,"Fri, Nov 8, 2019",8:00p,Golden State Warriors,119,Minnesota Timberwolves,125,Box Score,OT,"15,647",
52,"Fri, Nov 8, 2019",8:00p,Toronto Raptors,122,New Orleans Pelicans,104,Box Score,,"16,337",
53,"Fri, Nov 8, 2019",8:30p,New York Knicks,106,Dallas Mavericks,102,Box Score,,"20,257",
54,"Fri, Nov 8, 2019",9:00p,Philadelphia 76ers,97,Denver Nuggets,100,Box Score,,"19,520",
55,"Fri, Nov 8, 2019",9:00p,Milwaukee Bucks,100,Utah Jazz,103,Box Score,,"18,306",
56,"Fri, Nov 8, 2019",10:00p,Brooklyn Nets,119,Portland Trail Blazers,115,Box Score,,"20,089",
57,"Fri, Nov 8, 2019",10:30p,Miami Heat,80,Los Angeles Lakers,95,Box Score,,"18,997",
58,"Sat, Nov 9, 2019",5:00p,Boston Celtics,135,San Antonio Spurs,115,Box Score,,"18,354",
59,"Sat, Nov 9, 2019",7:00p,New Orleans Pelicans,115,Charlotte Hornets,110,Box Score,,"18,513",
60,"Sat, Nov 9, 2019",8:00p,Houston Rockets,117,Chicago Bulls,94,Box Score,,"20,482",
61,"Sat, Nov 9, 2019",8:00p,Dallas Mavericks,138,Memphis Grizzlies,122,Box Score,,"15,753",
62,"Sat, Nov 9, 2019",8:00p,Golden State Warriors,108,Oklahoma City Thunder,114,Box Score,,"18,203",
63,"Sun, Nov 10, 2019",3:30p,Denver Nuggets,100,Minnesota Timberwolves,98,Box Score,OT,"13,553",
64,"Sun, Nov 10, 2019",6:00p,Indiana Pacers,109,Orlando Magic,102,Box Score,,"17,118",
65,"Sun, Nov 10, 2019",6:00p,Charlotte Hornets,106,Philadelphia 76ers,114,Box Score,,"20,311",
66,"Sun, Nov 10, 2019",7:00p,Milwaukee Bucks,121,Oklahoma City Thunder,119,Box Score,,"18,203",
67,"Sun, Nov 10, 2019",7:30p,Cleveland Cavaliers,108,New York Knicks,87,Box Score,,"19,812",
68,"Sun, Nov 10, 2019",8:00p,Brooklyn Nets,112,Phoenix Suns,138,Box Score,,"17,290",
69,"Sun, Nov 10, 2019",9:00p,Atlanta Hawks,113,Portland Trail Blazers,124,Box Score,OT,"20,041",
70,"Sun, Nov 10, 2019",9:30p,Toronto Raptors,113,Los Angeles Lakers,104,Box Score,,"18,997",
71,"Mon, Nov 11, 2019",7:00p,Minnesota Timberwolves,120,Detroit Pistons,114,Box Score,,"12,526",
72,"Mon, Nov 11, 2019",7:30p,Dallas Mavericks,106,Boston Celtics,116,Box Score,,"18,624",
73,"Mon, Nov 11, 2019",7:30p,Memphis Grizzlies,113,San Antonio Spurs,109,Box Score,,"18,627",
74,"Mon, Nov 11, 2019",8:00p,Houston Rockets,122,New Orleans Pelicans,116,Box Score,,"16,695",
75,"Mon, Nov 11, 2019",10:30p,Utah Jazz,122,Golden State Warriors,108,Box Score,,"18,064",
76,"Mon, Nov 11, 2019",10:30p,Toronto Raptors,88,Los Angeles Clippers,98,Box Score,,"19,068",
77,"Tue, Nov 12, 2019",7:00p,Oklahoma City Thunder,85,Indiana Pacers,111,Box Score,,"15,838",
78,"Tue, Nov 12, 2019",7:00p,Cleveland Cavaliers,97,Philadelphia 76ers,98,Box Score,,"20,294",
79,"Tue, Nov 12, 2019",7:30p,Detroit Pistons,108,Miami Heat,117,Box Score,,"19,600",
80,"Tue, Nov 12, 2019",8:00p,New York Knicks,102,Chicago Bulls,120,Box Score,,"18,668",
81,"Tue, Nov 12, 2019",9:00p,Atlanta Hawks,125,Denver Nuggets,121,Box Score,,"18,327",
82,"Tue, Nov 12, 2019",9:00p,Los Angeles Lakers,123,Phoenix Suns,115,Box Score,,"18,055",
83,"Tue, Nov 12, 2019",9:00p,Brooklyn Nets,114,Utah Jazz,119,Box Score,,"18,306",
84,"Tue, Nov 12, 2019",10:00p,Portland Trail Blazers,99,Sacramento Kings,107,Box Score,,"16,358",
85,"Wed, Nov 13, 2019",7:00p,Memphis Grizzlies,119,Charlotte Hornets,117,Box Score,,"13,155",
86,"Wed, Nov 13, 2019",7:00p,Philadelphia 76ers,97,Orlando Magic,112,Box Score,,"15,113",
87,"Wed, Nov 13, 2019",7:30p,Washington Wizards,133,Boston Celtics,140,Box Score,,"19,156",
88,"Wed, Nov 13, 2019",7:30p,Los Angeles Clippers,93,Houston Rockets,102,Box Score,,"18,055",
89,"Wed, Nov 13, 2019",8:00p,San Antonio Spurs,114,Minnesota Timberwolves,129,Box Score,,"11,581",
90,"Wed, Nov 13, 2019",10:00p,Golden State Warriors,94,Los Angeles Lakers,120,Box Score,,"18,997",
91,"Wed, Nov 13, 2019",10:00p,Toronto Raptors,114,Portland Trail Blazers,106,Box Score,,"19,544",
92,"Thu, Nov 14, 2019",6:00p,Miami Heat,108,Cleveland Cavaliers,97,Box Score,,"17,374",
93,"Thu, Nov 14, 2019",8:00p,Chicago Bulls,115,Milwaukee Bucks,124,Box Score,,"17,627",
94,"Thu, Nov 14, 2019",8:00p,Los Angeles Clippers,127,New Orleans Pelicans,132,Box Score,,"17,147",
95,"Thu, Nov 14, 2019",8:00p,Dallas Mavericks,103,New York Knicks,106,Box Score,,"19,812",
96,"Thu, Nov 14, 2019",9:00p,Atlanta Hawks,112,Phoenix Suns,128,Box Score,,"15,143",
97,"Thu, Nov 14, 2019",10:30p,Brooklyn Nets,93,Denver Nuggets,101,Box Score,,"18,394",
98,"Fri, Nov 15, 2019",7:00p,Detroit Pistons,106,Charlotte Hornets,109,Box Score,,"16,778",
99,"Fri, Nov 15, 2019",7:00p,San Antonio Spurs,109,Orlando Magic,111,Box Score,,"16,296",
100,"Fri, Nov 15, 2019",8:00p,Indiana Pacers,102,Houston Rockets,111,Box Score,,"18,055",
101,"Fri, Nov 15, 2019",8:00p,Utah Jazz,106,Memphis Grizzlies,107,Box Score,,"16,422",
102,"Fri, Nov 15, 2019",8:00p,Washington Wizards,137,Minnesota Timberwolves,116,Box Score,,"12,716",
103,"Fri, Nov 15, 2019",8:00p,Philadelphia 76ers,119,Oklahoma City Thunder,127,Box Score,OT,"18,203",
104,"Fri, Nov 15, 2019",10:30p,Boston Celtics,105,Golden State Warriors,100,Box Score,,"18,064",
105,"Fri, Nov 15, 2019",10:30p,Sacramento Kings,97,Los Angeles Lakers,99,Box Score,,"18,997",
106,"Sat, Nov 16, 2019",6:00p,Brooklyn Nets,117,Chicago Bulls,111,Box Score,,"19,148",
107,"Sat, Nov 16, 2019",7:00p,Milwaukee Bucks,102,Indiana Pacers,83,Box Score,,"17,024",
108,"Sat, Nov 16, 2019",7:30p,Charlotte Hornets,103,New York Knicks,102,Box Score,,"19,401",
109,"Sat, Nov 16, 2019",8:00p,New Orleans Pelicans,94,Miami Heat,109,Box Score,,"19,600",
110,"Sat, Nov 16, 2019",8:00p,Houston Rockets,125,Minnesota Timberwolves,105,Box Score,,"18,978",
111,"Sat, Nov 16, 2019",8:30p,Toronto Raptors,102,Dallas Mavericks,110,Box Score,,"19,926",
112,"Sat, Nov 16, 2019",8:30p,Portland Trail Blazers,121,San Antonio Spurs,116,Box Score,,"18,534",
113,"Sat, Nov 16, 2019",10:30p,Atlanta Hawks,101,Los Angeles Clippers,150,Box Score,,"19,068",
114,"Sun, Nov 17, 2019",3:00p,Philadelphia 76ers,114,Cleveland Cavaliers,95,Box Score,,"19,432",
115,"Sun, Nov 17, 2019",3:30p,Boston Celtics,99,Sacramento Kings,100,Box Score,,"16,633",
116,"Sun, Nov 17, 2019",6:00p,Denver Nuggets,131,Memphis Grizzlies,114,Box Score,,"14,227",
117,"Sun, Nov 17, 2019",6:00p,Washington Wizards,121,Orlando Magic,125,Box Score,,"16,344",
118,"Sun, Nov 17, 2019",7:00p,Golden State Warriors,100,New Orleans Pelicans,108,Box Score,,"16,812",
119,"Sun, Nov 17, 2019",9:30p,Atlanta Hawks,101,Los Angeles Lakers,122,Box Score,,"18,997",
120,"Mon, Nov 18, 2019",7:00p,Cleveland Cavaliers,105,New York Knicks,123,Box Score,,"17,097",
121,"Mon, Nov 18, 2019",7:30p,Indiana Pacers,115,Brooklyn Nets,86,Box Score,,"14,140",
122,"Mon, Nov 18, 2019",7:30p,Charlotte Hornets,96,Toronto Raptors,132,Box Score,,"19,800",
123,"Mon, Nov 18, 2019",8:00p,Milwaukee Bucks,115,Chicago Bulls,101,Box Score,,"17,565",
124,"Mon, Nov 18, 2019",8:00p,Portland Trail Blazers,108,Houston Rockets,132,Box Score,,"18,055",
125,"Mon, Nov 18, 2019",8:30p,San Antonio Spurs,110,Dallas Mavericks,117,Box Score,,"19,637",
126,"Mon, Nov 18, 2019",9:00p,Boston Celtics,99,Phoenix Suns,85,Box Score,,"15,193",
127,"Mon, Nov 18, 2019",9:00p,Minnesota Timberwolves,112,Utah Jazz,102,Box Score,,"18,306",
128,"Mon, Nov 18, 2019",10:30p,Oklahoma City Thunder,88,Los Angeles Clippers,90,Box Score,,"19,068",
129,"Tue, Nov 19, 2019",8:00p,Golden State Warriors,114,Memphis Grizzlies,95,Box Score,,"14,511",
130,"Tue, Nov 19, 2019",8:00p,Portland Trail Blazers,104,New Orleans Pelicans,115,Box Score,,"15,021",
131,"Tue, Nov 19, 2019",10:00p,Phoenix Suns,116,Sacramento Kings,120,Box Score,,"16,732",
132,"Tue, Nov 19, 2019",10:30p,Oklahoma City Thunder,107,Los Angeles Lakers,112,Box Score,,"18,997",
133,"Wed, Nov 20, 2019",7:00p,New York Knicks,104,Philadelphia 76ers,109,Box Score,,"20,384",
134,"Wed, Nov 20, 2019",7:00p,San Antonio Spurs,132,Washington Wizards,138,Box Score,,"14,579",
135,"Wed, Nov 20, 2019",7:30p,Milwaukee Bucks,135,Atlanta Hawks,127,Box Score,,"16,441",
136,"Wed, Nov 20, 2019",7:30p,Charlotte Hornets,91,Brooklyn Nets,101,Box Score,,"14,011",
137,"Wed, Nov 20, 2019",7:30p,Golden State Warriors,94,Dallas Mavericks,142,Box Score,,"19,569",
138,"Wed, Nov 20, 2019",7:30p,Cleveland Cavaliers,100,Miami Heat,124,Box Score,,"19,600",
139,"Wed, Nov 20, 2019",7:30p,Orlando Magic,97,Toronto Raptors,113,Box Score,,"19,800",
140,"Wed, Nov 20, 2019",8:00p,Detroit Pistons,89,Chicago Bulls,109,Box Score,,"18,119",
141,"Wed, Nov 20, 2019",8:00p,Utah Jazz,103,Minnesota Timberwolves,95,Box Score,,"13,177",
142,"Wed, Nov 20, 2019",9:00p,Houston Rockets,95,Denver Nuggets,105,Box Score,,"17,778",
143,"Wed, Nov 20, 2019",10:00p,Boston Celtics,104,Los Angeles Clippers,107,Box Score,OT,"19,068",
144,"Thu, Nov 21, 2019",8:00p,Portland Trail Blazers,129,Milwaukee Bucks,137,Box Score,,"17,385",
145,"Thu, Nov 21, 2019",10:30p,New Orleans Pelicans,124,Phoenix Suns,121,Box Score,,"13,903",
146,"Fri, Nov 22, 2019",7:00p,Atlanta Hawks,103,Detroit Pistons,128,Box Score,,"15,399",
147,"Fri, Nov 22, 2019",7:00p,Charlotte Hornets,118,Washington Wizards,125,Box Score,,"15,053",
148,"Fri, Nov 22, 2019",7:30p,Sacramento Kings,97,Brooklyn Nets,116,Box Score,,"15,619",
149,"Fri, Nov 22, 2019",8:00p,Miami Heat,116,Chicago Bulls,108,Box Score,,"18,953",
150,"Fri, Nov 22, 2019",8:00p,Los Angeles Lakers,130,Oklahoma City Thunder,127,Box Score,,"18,203",
151,"Fri, Nov 22, 2019",8:00p,San Antonio Spurs,104,Philadelphia 76ers,115,Box Score,,"20,927",
152,"Fri, Nov 22, 2019",8:30p,Cleveland Cavaliers,101,Dallas Mavericks,143,Box Score,,"19,639",
153,"Fri, Nov 22, 2019",9:00p,Boston Celtics,92,Denver Nuggets,96,Box Score,,"19,520",
154,"Fri, Nov 22, 2019",9:00p,Golden State Warriors,109,Utah Jazz,113,Box Score,,"18,306",
155,"Fri, Nov 22, 2019",10:30p,Houston Rockets,119,Los Angeles Clippers,122,Box Score,,"19,068",
156,"Sat, Nov 23, 2019",5:00p,Phoenix Suns,100,Minnesota Timberwolves,98,Box Score,,"17,362",
157,"Sat, Nov 23, 2019",7:00p,Chicago Bulls,116,Charlotte Hornets,115,Box Score,,"17,891",
158,"Sat, Nov 23, 2019",7:00p,Orlando Magic,106,Indiana Pacers,111,Box Score,,"16,446",
159,"Sat, Nov 23, 2019",7:30p,Toronto Raptors,119,Atlanta Hawks,116,Box Score,,"16,931",
160,"Sat, Nov 23, 2019",7:30p,San Antonio Spurs,111,New York Knicks,104,Box Score,,"19,320",
161,"Sat, Nov 23, 2019",7:30p,Miami Heat,86,Philadelphia 76ers,113,Box Score,,"21,017",
162,"Sat, Nov 23, 2019",8:00p,Portland Trail Blazers,104,Cleveland Cavaliers,110,Box Score,,"19,432",
163,"Sat, Nov 23, 2019",8:00p,Los Angeles Lakers,109,Memphis Grizzlies,108,Box Score,,"17,794",
164,"Sat, Nov 23, 2019",8:30p,Detroit Pistons,90,Milwaukee Bucks,104,Box Score,,"17,585",
165,"Sat, Nov 23, 2019",9:00p,New Orleans Pelicans,120,Utah Jazz,128,Box Score,,"18,306",
166,"Sun, Nov 24, 2019",3:30p,Dallas Mavericks,137,Houston Rockets,123,Box Score,,"18,055",
167,"Sun, Nov 24, 2019",6:00p,Brooklyn Nets,103,New York Knicks,101,Box Score,,"18,770",
168,"Sun, Nov 24, 2019",6:00p,Sacramento Kings,113,Washington Wizards,106,Box Score,,"15,885",
169,"Sun, Nov 24, 2019",8:00p,Phoenix Suns,104,Denver Nuggets,116,Box Score,,"19,520",
170,"Sun, Nov 24, 2019",9:00p,New Orleans Pelicans,109,Los Angeles Clippers,134,Box Score,,"19,068",
171,"Mon, Nov 25, 2019",7:00p,Brooklyn Nets,108,Cleveland Cavaliers,106,Box Score,,"17,143",
172,"Mon, Nov 25, 2019",7:00p,Orlando Magic,88,Detroit Pistons,103,Box Score,,"14,695",
173,"Mon, Nov 25, 2019",7:00p,Memphis Grizzlies,114,Indiana Pacers,126,Box Score,,"15,141",
174,"Mon, Nov 25, 2019",7:30p,Minnesota Timberwolves,125,Atlanta Hawks,113,Box Score,,"16,218",
175,"Mon, Nov 25, 2019",7:30p,Sacramento Kings,102,Boston Celtics,103,Box Score,,"19,156",
176,"Mon, Nov 25, 2019",7:30p,Charlotte Hornets,100,Miami Heat,117,Box Score,,"19,600",
177,"Mon, Nov 25, 2019",7:30p,Philadelphia 76ers,96,Toronto Raptors,101,Box Score,,"19,800",
178,"Mon, Nov 25, 2019",8:00p,Portland Trail Blazers,117,Chicago Bulls,94,Box Score,,"18,776",
179,"Mon, Nov 25, 2019",8:00p,Utah Jazz,118,Milwaukee Bucks,122,Box Score,,"17,385",
180,"Mon, Nov 25, 2019",8:30p,Los Angeles Lakers,114,San Antonio Spurs,104,Box Score,,"18,498",
181,"Mon, Nov 25, 2019",10:30p,Oklahoma City Thunder,100,Golden State Warriors,97,Box Score,,"18,064",
182,"Tue, Nov 26, 2019",8:30p,Los Angeles Clippers,114,Dallas Mavericks,99,Box Score,,"20,407",
183,"Tue, Nov 26, 2019",9:00p,Washington Wizards,104,Denver Nuggets,117,Box Score,,"18,673",
184,"Wed, Nov 27, 2019",7:00p,Brooklyn Nets,110,Boston Celtics,121,Box Score,,"19,156",
185,"Wed, Nov 27, 2019",7:00p,Detroit Pistons,101,Charlotte Hornets,102,Box Score,,"15,535",
186,"Wed, Nov 27, 2019",7:00p,Orlando Magic,116,Cleveland Cavaliers,104,Box Score,,"17,712",
187,"Wed, Nov 27, 2019",7:00p,Utah Jazz,102,Indiana Pacers,121,Box Score,,"17,027",
188,"Wed, Nov 27, 2019",7:00p,Sacramento Kings,91,Philadelphia 76ers,97,Box Score,,"20,592",
189,"Wed, Nov 27, 2019",7:30p,New York Knicks,98,Toronto Raptors,126,Box Score,,"19,800",
190,"Wed, Nov 27, 2019",8:00p,Miami Heat,108,Houston Rockets,117,Box Score,,"18,055",
191,"Wed, Nov 27, 2019",8:00p,Los Angeles Clippers,121,Memphis Grizzlies,119,Box Score,,"16,721",
192,"Wed, Nov 27, 2019",8:00p,Atlanta Hawks,102,Milwaukee Bucks,111,Box Score,,"17,525",
193,"Wed, Nov 27, 2019",8:30p,Minnesota Timberwolves,113,San Antonio Spurs,101,Box Score,,"18,354",
194,"Wed, Nov 27, 2019",9:00p,Washington Wizards,140,Phoenix Suns,132,Box Score,,"14,123",
195,"Wed, Nov 27, 2019",9:30p,Los Angeles Lakers,114,New Orleans Pelicans,110,Box Score,,"18,626",
196,"Wed, Nov 27, 2019",10:00p,Oklahoma City Thunder,119,Portland Trail Blazers,136,Box Score,,"19,870",
197,"Wed, Nov 27, 2019",10:30p,Chicago Bulls,90,Golden State Warriors,104,Box Score,,"18,064",
198,"Fri, Nov 29, 2019",12:00p,Boston Celtics,107,Brooklyn Nets,112,Box Score,,"17,732",
199,"Fri, Nov 29, 2019",7:00p,Charlotte Hornets,110,Detroit Pistons,107,Box Score,,"15,006",
200,"Fri, Nov 29, 2019",7:00p,Toronto Raptors,90,Orlando Magic,83,Box Score,,"17,014",
201,"Fri, Nov 29, 2019",7:30p,Milwaukee Bucks,119,Cleveland Cavaliers,110,Box Score,,"19,432",
202,"Fri, Nov 29, 2019",7:30p,Philadelphia 76ers,101,New York Knicks,95,Box Score,,"18,109",
203,"Fri, Nov 29, 2019",8:00p,Atlanta Hawks,104,Indiana Pacers,105,Box Score,OT,"15,827",
204,"Fri, Nov 29, 2019",8:00p,Utah Jazz,103,Memphis Grizzlies,94,Box Score,,"16,605",
205,"Fri, Nov 29, 2019",8:00p,Golden State Warriors,105,Miami Heat,122,Box Score,,"19,600",
206,"Fri, Nov 29, 2019",8:00p,New Orleans Pelicans,104,Oklahoma City Thunder,109,Box Score,,"18,203",
207,"Fri, Nov 29, 2019",8:30p,Los Angeles Clippers,97,San Antonio Spurs,107,Box Score,,"18,354",
208,"Fri, Nov 29, 2019",9:00p,Dallas Mavericks,120,Phoenix Suns,113,Box Score,,"18,055",
209,"Fri, Nov 29, 2019",10:00p,Chicago Bulls,103,Portland Trail Blazers,107,Box Score,,"20,139",
210,"Fri, Nov 29, 2019",10:30p,Washington Wizards,103,Los Angeles Lakers,125,Box Score,,"18,997",
211,"Sat, Nov 30, 2019",5:00p,Denver Nuggets,97,Sacramento Kings,100,Box Score,OT,"17,583",
212,"Sat, Nov 30, 2019",7:00p,Indiana Pacers,116,Philadelphia 76ers,119,Box Score,,"20,517",
213,"Sat, Nov 30, 2019",8:00p,Atlanta Hawks,111,Houston Rockets,158,Box Score,,"18,055",
214,"Sat, Nov 30, 2019",8:00p,Charlotte Hornets,96,Milwaukee Bucks,137,Box Score,,"17,550",
0,"Sun, Dec 1, 2019",3:00p,Miami Heat,109,Brooklyn Nets,106,Box Score,,"17,026",
1,"Sun, Dec 1, 2019",3:30p,Memphis Grizzlies,115,Minnesota Timberwolves,107,Box Score,,"12,276",
2,"Sun, Dec 1, 2019",3:30p,Boston Celtics,113,New York Knicks,104,Box Score,,"18,005",
3,"Sun, Dec 1, 2019",4:00p,Dallas Mavericks,114,Los Angeles Lakers,100,Box Score,,"18,997",
4,"Sun, Dec 1, 2019",5:00p,San Antonio Spurs,98,Detroit Pistons,132,Box Score,,"14,270",
5,"Sun, Dec 1, 2019",5:00p,Oklahoma City Thunder,107,New Orleans Pelicans,104,Box Score,,"15,427",
6,"Sun, Dec 1, 2019",6:00p,Golden State Warriors,96,Orlando Magic,100,Box Score,,"15,052",
7,"Sun, Dec 1, 2019",6:00p,Utah Jazz,110,Toronto Raptors,130,Box Score,,"18,132",
8,"Sun, Dec 1, 2019",10:30p,Washington Wizards,125,Los Angeles Clippers,150,Box Score,,"19,068",
9,"Mon, Dec 2, 2019",7:00p,Phoenix Suns,109,Charlotte Hornets,104,Box Score,,"11,221",
10,"Mon, Dec 2, 2019",7:00p,Utah Jazz,94,Philadelphia 76ers,103,Box Score,,"20,208",
11,"Mon, Dec 2, 2019",7:30p,Golden State Warriors,79,Atlanta Hawks,104,Box Score,,"14,278",
12,"Mon, Dec 2, 2019",8:00p,Indiana Pacers,117,Memphis Grizzlies,104,Box Score,,"11,919",
13,"Mon, Dec 2, 2019",8:00p,New York Knicks,88,Milwaukee Bucks,132,Box Score,,"17,385",
14,"Mon, Dec 2, 2019",10:00p,Chicago Bulls,113,Sacramento Kings,106,Box Score,,"17,257",
15,"Tue, Dec 3, 2019",7:00p,Detroit Pistons,127,Cleveland Cavaliers,94,Box Score,,"17,504",
16,"Tue, Dec 3, 2019",7:00p,Orlando Magic,127,Washington Wizards,120,Box Score,,"13,159",
17,"Tue, Dec 3, 2019",7:30p,Dallas Mavericks,118,New Orleans Pelicans,97,Box Score,,"14,664",
18,"Tue, Dec 3, 2019",7:30p,Miami Heat,121,Toronto Raptors,110,Box Score,OT,"19,800",
19,"Tue, Dec 3, 2019",8:30p,Houston Rockets,133,San Antonio Spurs,135,Box Score,2OT,"18,354",
20,"Tue, Dec 3, 2019",9:00p,Los Angeles Lakers,105,Denver Nuggets,96,Box Score,,"19,658",
21,"Tue, Dec 3, 2019",10:00p,Portland Trail Blazers,97,Los Angeles Clippers,117,Box Score,,"19,068",
22,"Wed, Dec 4, 2019",7:00p,Golden State Warriors,91,Charlotte Hornets,106,Box Score,,"14,355",
23,"Wed, Dec 4, 2019",7:00p,Milwaukee Bucks,127,Detroit Pistons,103,Box Score,,"15,742",
24,"Wed, Dec 4, 2019",7:00p,Phoenix Suns,114,Orlando Magic,128,Box Score,,"15,176",
25,"Wed, Dec 4, 2019",7:30p,Brooklyn Nets,130,Atlanta Hawks,118,Box Score,,"15,694",
26,"Wed, Dec 4, 2019",7:30p,Miami Heat,93,Boston Celtics,112,Box Score,,"19,156",
27,"Wed, Dec 4, 2019",8:00p,Memphis Grizzlies,99,Chicago Bulls,106,Box Score,,"15,017",
28,"Wed, Dec 4, 2019",8:00p,Indiana Pacers,107,Oklahoma City Thunder,100,Box Score,,"18,203",
29,"Wed, Dec 4, 2019",8:30p,Minnesota Timberwolves,114,Dallas Mavericks,121,Box Score,,"19,671",
30,"Wed, Dec 4, 2019",9:00p,Los Angeles Lakers,121,Utah Jazz,96,Box Score,,"18,306",
31,"Wed, Dec 4, 2019",10:00p,Sacramento Kings,116,Portland Trail Blazers,127,Box Score,,"19,393",
32,"Thu, Dec 5, 2019",7:00p,Philadelphia 76ers,113,Washington Wizards,119,Box Score,,"16,554",
33,"Thu, Dec 5, 2019",7:30p,Denver Nuggets,129,New York Knicks,92,Box Score,,"18,171",
34,"Thu, Dec 5, 2019",7:30p,Houston Rockets,119,Toronto Raptors,109,Box Score,,"19,800",
35,"Thu, Dec 5, 2019",8:00p,Phoenix Suns,139,New Orleans Pelicans,132,Box Score,OT,"15,607",
36,"Fri, Dec 6, 2019",7:00p,Brooklyn Nets,111,Charlotte Hornets,104,Box Score,,"15,075",
37,"Fri, Dec 6, 2019",7:00p,Orlando Magic,93,Cleveland Cavaliers,87,Box Score,,"18,446",
38,"Fri, Dec 6, 2019",7:00p,Indiana Pacers,101,Detroit Pistons,108,Box Score,,"14,894",
39,"Fri, Dec 6, 2019",8:00p,Denver Nuggets,95,Boston Celtics,108,Box Score,,"19,156",
40,"Fri, Dec 6, 2019",8:00p,Golden State Warriors,100,Chicago Bulls,98,Box Score,,"18,841",
41,"Fri, Dec 6, 2019",8:00p,Washington Wizards,103,Miami Heat,112,Box Score,,"19,600",
42,"Fri, Dec 6, 2019",8:00p,Minnesota Timberwolves,127,Oklahoma City Thunder,139,Box Score,OT,"18,203",
43,"Fri, Dec 6, 2019",8:30p,Los Angeles Clippers,91,Milwaukee Bucks,119,Box Score,,"17,732",
44,"Fri, Dec 6, 2019",8:30p,Sacramento Kings,104,San Antonio Spurs,105,Box Score,OT,"18,354",
45,"Fri, Dec 6, 2019",10:30p,Los Angeles Lakers,136,Portland Trail Blazers,113,Box Score,,"19,912",
46,"Sat, Dec 7, 2019",2:00p,New Orleans Pelicans,84,Dallas Mavericks,130,Box Score,,"19,456",
47,"Sat, Dec 7, 2019",7:30p,Indiana Pacers,104,New York Knicks,103,Box Score,,"19,110",
48,"Sat, Dec 7, 2019",7:30p,Cleveland Cavaliers,94,Philadelphia 76ers,141,Box Score,,"20,844",
49,"Sat, Dec 7, 2019",8:00p,Phoenix Suns,109,Houston Rockets,115,Box Score,,"18,055",
50,"Sat, Dec 7, 2019",10:00p,Memphis Grizzlies,112,Utah Jazz,126,Box Score,,"18,306",
51,"Sun, Dec 8, 2019",3:00p,Denver Nuggets,102,Brooklyn Nets,105,Box Score,,"16,679",
52,"Sun, Dec 8, 2019",5:00p,Atlanta Hawks,122,Charlotte Hornets,107,Box Score,,"15,489",
53,"Sun, Dec 8, 2019",6:00p,Chicago Bulls,105,Miami Heat,110,Box Score,OT,"19,600",
54,"Sun, Dec 8, 2019",6:00p,Toronto Raptors,104,Philadelphia 76ers,110,Box Score,,"20,313",
55,"Sun, Dec 8, 2019",6:00p,Los Angeles Clippers,135,Washington Wizards,119,Box Score,,"15,946",
56,"Sun, Dec 8, 2019",7:00p,Sacramento Kings,110,Dallas Mavericks,106,Box Score,,"19,566",
57,"Sun, Dec 8, 2019",9:00p,Oklahoma City Thunder,108,Portland Trail Blazers,96,Box Score,,"19,393",
58,"Sun, Dec 8, 2019",9:30p,Minnesota Timberwolves,125,Los Angeles Lakers,142,Box Score,,"18,997",
59,"Mon, Dec 9, 2019",7:00p,Los Angeles Clippers,110,Indiana Pacers,99,Box Score,,"14,644",
60,"Mon, Dec 9, 2019",7:30p,Cleveland Cavaliers,88,Boston Celtics,110,Box Score,,"19,156",
61,"Mon, Dec 9, 2019",8:00p,Toronto Raptors,93,Chicago Bulls,92,Box Score,,"14,775",
62,"Mon, Dec 9, 2019",8:00p,Sacramento Kings,119,Houston Rockets,118,Box Score,,"18,055",
63,"Mon, Dec 9, 2019",8:00p,Orlando Magic,101,Milwaukee Bucks,110,Box Score,,"17,385",
64,"Mon, Dec 9, 2019",8:00p,Detroit Pistons,105,New Orleans Pelicans,103,Box Score,,"13,694",
65,"Mon, Dec 9, 2019",9:00p,Minnesota Timberwolves,109,Phoenix Suns,125,Box Score,,"13,230",
66,"Mon, Dec 9, 2019",9:00p,Oklahoma City Thunder,104,Utah Jazz,90,Box Score,,"18,306",
67,"Mon, Dec 9, 2019",10:30p,Memphis Grizzlies,110,Golden State Warriors,102,Box Score,,"18,064",
68,"Tue, Dec 10, 2019",7:00p,Washington Wizards,107,Charlotte Hornets,114,Box Score,,"10,626",
69,"Tue, Dec 10, 2019",8:00p,Atlanta Hawks,121,Miami Heat,135,Box Score,OT,"19,600",
70,"Tue, Dec 10, 2019",8:00p,Denver Nuggets,92,Philadelphia 76ers,97,Box Score,,"20,591",
71,"Tue, Dec 10, 2019",10:00p,New York Knicks,87,Portland Trail Blazers,115,Box Score,,"19,393",
72,"Wed, Dec 11, 2019",7:00p,Houston Rockets,116,Cleveland Cavaliers,110,Box Score,,"17,122",
73,"Wed, Dec 11, 2019",7:00p,Boston Celtics,117,Indiana Pacers,122,Box Score,,"15,637",
74,"Wed, Dec 11, 2019",7:00p,Los Angeles Lakers,96,Orlando Magic,87,Box Score,,"18,846",
75,"Wed, Dec 11, 2019",7:00p,Los Angeles Clippers,112,Toronto Raptors,92,Box Score,,"20,144",
76,"Wed, Dec 11, 2019",7:30p,Charlotte Hornets,113,Brooklyn Nets,108,Box Score,,"15,631",
77,"Wed, Dec 11, 2019",8:00p,Atlanta Hawks,102,Chicago Bulls,136,Box Score,,"15,084",
78,"Wed, Dec 11, 2019",8:00p,Utah Jazz,127,Minnesota Timberwolves,116,Box Score,,"12,369",
79,"Wed, Dec 11, 2019",9:00p,Memphis Grizzlies,115,Phoenix Suns,108,Box Score,,"12,254",
80,"Wed, Dec 11, 2019",9:30p,New Orleans Pelicans,112,Milwaukee Bucks,127,Box Score,,"17,385",
81,"Wed, Dec 11, 2019",10:00p,Oklahoma City Thunder,93,Sacramento Kings,94,Box Score,,"16,723",
82,"Wed, Dec 11, 2019",10:30p,New York Knicks,124,Golden State Warriors,122,Box Score,OT,"18,064",
83,"Thu, Dec 12, 2019",8:00p,Philadelphia 76ers,115,Boston Celtics,109,Box Score,,"19,156",
84,"Thu, Dec 12, 2019",8:30p,Cleveland Cavaliers,117,San Antonio Spurs,109,Box Score,OT,"18,354",
85,"Thu, Dec 12, 2019",9:00p,Dallas Mavericks,122,Detroit Pistons,111,Box Score,,"20,064","at Mexico City, Mexico"
86,"Thu, Dec 12, 2019",10:30p,Portland Trail Blazers,99,Denver Nuggets,114,Box Score,,"18,828",
87,"Fri, Dec 13, 2019",7:00p,Los Angeles Lakers,113,Miami Heat,110,Box Score,,"20,013",
88,"Fri, Dec 13, 2019",7:00p,Houston Rockets,130,Orlando Magic,107,Box Score,,"16,335",
89,"Fri, Dec 13, 2019",7:00p,New Orleans Pelicans,109,Philadelphia 76ers,116,Box Score,,"20,620",
90,"Fri, Dec 13, 2019",7:30p,Indiana Pacers,110,Atlanta Hawks,100,Box Score,,"15,121",
91,"Fri, Dec 13, 2019",8:00p,Charlotte Hornets,83,Chicago Bulls,73,Box Score,,"18,377",
92,"Fri, Dec 13, 2019",8:00p,Milwaukee Bucks,127,Memphis Grizzlies,114,Box Score,,"16,109",
93,"Fri, Dec 13, 2019",9:00p,Golden State Warriors,106,Utah Jazz,114,Box Score,,"18,306",
94,"Fri, Dec 13, 2019",9:30p,Los Angeles Clippers,124,Minnesota Timberwolves,117,Box Score,,"17,585",
95,"Fri, Dec 13, 2019",10:00p,New York Knicks,103,Sacramento Kings,101,Box Score,,"17,583",
96,"Sat, Dec 14, 2019",5:00p,San Antonio Spurs,121,Phoenix Suns,119,Box Score,OT,"20,013","at Mexico City, Mexico"
97,"Sat, Dec 14, 2019",7:30p,Brooklyn Nets,102,Toronto Raptors,110,Box Score,,"19,800",
98,"Sat, Dec 14, 2019",8:00p,Los Angeles Clippers,106,Chicago Bulls,109,Box Score,,"18,426",
99,"Sat, Dec 14, 2019",8:00p,Washington Wizards,111,Memphis Grizzlies,128,Box Score,,"15,631",
100,"Sat, Dec 14, 2019",8:30p,Miami Heat,122,Dallas Mavericks,118,Box Score,OT,"20,333",
101,"Sat, Dec 14, 2019",8:30p,Cleveland Cavaliers,108,Milwaukee Bucks,125,Box Score,,"17,481",
102,"Sat, Dec 14, 2019",9:00p,Oklahoma City Thunder,102,Denver Nuggets,110,Box Score,,"19,520",
103,"Sat, Dec 14, 2019",9:00p,Detroit Pistons,115,Houston Rockets,107,Box Score,,"18,055",
104,"Sun, Dec 15, 2019",3:30p,Orlando Magic,130,New Orleans Pelicans,119,Box Score,,"15,388",
105,"Sun, Dec 15, 2019",5:00p,Charlotte Hornets,85,Indiana Pacers,107,Box Score,,"16,061",
106,"Sun, Dec 15, 2019",6:00p,Los Angeles Lakers,101,Atlanta Hawks,96,Box Score,,"16,962",
107,"Sun, Dec 15, 2019",6:00p,Philadelphia 76ers,89,Brooklyn Nets,109,Box Score,,"17,732",
108,"Sun, Dec 15, 2019",8:00p,New York Knicks,105,Denver Nuggets,111,Box Score,,"18,867",
109,"Sun, Dec 15, 2019",8:30p,Sacramento Kings,100,Golden State Warriors,79,Box Score,,"18,064",
110,"Mon, Dec 16, 2019",7:00p,Washington Wizards,133,Detroit Pistons,119,Box Score,,"14,632",
111,"Mon, Dec 16, 2019",7:30p,Cleveland Cavaliers,113,Toronto Raptors,133,Box Score,,"19,800",
112,"Mon, Dec 16, 2019",8:00p,San Antonio Spurs,107,Houston Rockets,109,Box Score,,"18,055",
113,"Mon, Dec 16, 2019",8:00p,Miami Heat,111,Memphis Grizzlies,118,Box Score,,"14,021",
114,"Mon, Dec 16, 2019",8:00p,Dallas Mavericks,120,Milwaukee Bucks,116,Box Score,,"17,727",
115,"Mon, Dec 16, 2019",8:00p,Chicago Bulls,106,Oklahoma City Thunder,109,Box Score,,"18,203",
116,"Mon, Dec 16, 2019",9:00p,Portland Trail Blazers,111,Phoenix Suns,110,Box Score,,"14,193",
117,"Tue, Dec 17, 2019",7:00p,Sacramento Kings,102,Charlotte Hornets,110,Box Score,,"13,229",
118,"Tue, Dec 17, 2019",7:00p,Los Angeles Lakers,102,Indiana Pacers,105,Box Score,,"17,923",
119,"Tue, Dec 17, 2019",7:30p,Atlanta Hawks,120,New York Knicks,143,Box Score,,"18,268",
120,"Tue, Dec 17, 2019",8:00p,Brooklyn Nets,108,New Orleans Pelicans,101,Box Score,OT,"15,177",
121,"Tue, Dec 17, 2019",9:00p,Orlando Magic,102,Utah Jazz,109,Box Score,,"18,306",
122,"Tue, Dec 17, 2019",10:30p,Phoenix Suns,99,Los Angeles Clippers,120,Box Score,,"19,068",
123,"Wed, Dec 18, 2019",7:00p,Charlotte Hornets,98,Cleveland Cavaliers,100,Box Score,,"17,023",
124,"Wed, Dec 18, 2019",7:00p,Toronto Raptors,112,Detroit Pistons,99,Box Score,,"15,319",
125,"Wed, Dec 18, 2019",7:00p,Miami Heat,108,Philadelphia 76ers,104,Box Score,,"20,715",
126,"Wed, Dec 18, 2019",7:00p,Chicago Bulls,110,Washington Wizards,109,Box Score,OT,"14,987",
127,"Wed, Dec 18, 2019",8:00p,New Orleans Pelicans,107,Minnesota Timberwolves,99,Box Score,,"12,490",
128,"Wed, Dec 18, 2019",8:00p,Memphis Grizzlies,122,Oklahoma City Thunder,126,Box Score,,"18,203",
129,"Wed, Dec 18, 2019",9:00p,Orlando Magic,104,Denver Nuggets,113,Box Score,,"18,182",
130,"Wed, Dec 18, 2019",9:30p,Boston Celtics,109,Dallas Mavericks,103,Box Score,,"20,181",
131,"Wed, Dec 18, 2019",10:00p,Golden State Warriors,112,Portland Trail Blazers,122,Box Score,,"19,393",
132,"Thu, Dec 19, 2019",7:30p,Utah Jazz,111,Atlanta Hawks,106,Box Score,,"16,739",
133,"Thu, Dec 19, 2019",8:00p,Los Angeles Lakers,104,Milwaukee Bucks,111,Box Score,,"18,051",
134,"Thu, Dec 19, 2019",8:30p,Brooklyn Nets,105,San Antonio Spurs,118,Box Score,,"18,354",
135,"Thu, Dec 19, 2019",10:30p,Houston Rockets,122,Los Angeles Clippers,117,Box Score,,"19,068",
136,"Fri, Dec 20, 2019",7:00p,Memphis Grizzlies,107,Cleveland Cavaliers,114,Box Score,,"19,432",
137,"Fri, Dec 20, 2019",7:00p,Sacramento Kings,105,Indiana Pacers,119,Box Score,,"14,649",
138,"Fri, Dec 20, 2019",7:30p,Detroit Pistons,93,Boston Celtics,114,Box Score,,"19,156",
139,"Fri, Dec 20, 2019",7:30p,Washington Wizards,118,Toronto Raptors,122,Box Score,,"19,800",
140,"Fri, Dec 20, 2019",8:00p,New York Knicks,114,Miami Heat,129,Box Score,,"19,704",
141,"Fri, Dec 20, 2019",8:00p,Phoenix Suns,108,Oklahoma City Thunder,126,Box Score,,"18,203",
142,"Fri, Dec 20, 2019",8:00p,Dallas Mavericks,117,Philadelphia 76ers,98,Box Score,,"20,778",
143,"Fri, Dec 20, 2019",9:00p,Minnesota Timberwolves,100,Denver Nuggets,109,Box Score,,"19,520",
144,"Fri, Dec 20, 2019",10:00p,Orlando Magic,103,Portland Trail Blazers,118,Box Score,,"19,393",
145,"Fri, Dec 20, 2019",10:30p,New Orleans Pelicans,102,Golden State Warriors,106,Box Score,,"18,064",
146,"Sat, Dec 21, 2019",5:00p,Utah Jazz,114,Charlotte Hornets,107,Box Score,,"16,187",
147,"Sat, Dec 21, 2019",6:00p,Atlanta Hawks,112,Brooklyn Nets,122,Box Score,,"16,496",
148,"Sat, Dec 21, 2019",7:00p,Chicago Bulls,119,Detroit Pistons,107,Box Score,,"15,948",
149,"Sat, Dec 21, 2019",7:00p,Washington Wizards,108,Philadelphia 76ers,125,Box Score,,"20,529",
150,"Sat, Dec 21, 2019",7:30p,Milwaukee Bucks,123,New York Knicks,102,Box Score,,"18,124",
151,"Sat, Dec 21, 2019",8:00p,Sacramento Kings,115,Memphis Grizzlies,119,Box Score,,"15,603",
152,"Sat, Dec 21, 2019",8:30p,Los Angeles Clippers,134,San Antonio Spurs,109,Box Score,,"18,354",
153,"Sat, Dec 21, 2019",9:00p,Houston Rockets,139,Phoenix Suns,125,Box Score,,"16,061",
154,"Sat, Dec 21, 2019",10:00p,Minnesota Timberwolves,106,Portland Trail Blazers,113,Box Score,,"19,393",
155,"Sun, Dec 22, 2019",3:30p,Dallas Mavericks,107,Toronto Raptors,110,Box Score,,"19,800",
156,"Sun, Dec 22, 2019",6:00p,Charlotte Hornets,93,Boston Celtics,119,Box Score,,"19,156",
157,"Sun, Dec 22, 2019",7:00p,Indiana Pacers,89,Milwaukee Bucks,117,Box Score,,"18,029",
158,"Sun, Dec 22, 2019",7:00p,Los Angeles Clippers,112,Oklahoma City Thunder,118,Box Score,,"18,203",
159,"Sun, Dec 22, 2019",9:30p,Denver Nuggets,128,Los Angeles Lakers,104,Box Score,,"18,997",
160,"Mon, Dec 23, 2019",7:00p,Atlanta Hawks,118,Cleveland Cavaliers,121,Box Score,,"18,007",
161,"Mon, Dec 23, 2019",7:00p,Philadelphia 76ers,125,Detroit Pistons,109,Box Score,,"16,476",
162,"Mon, Dec 23, 2019",7:00p,Toronto Raptors,115,Indiana Pacers,120,Box Score,OT,"17,164",
163,"Mon, Dec 23, 2019",7:00p,Washington Wizards,121,New York Knicks,115,Box Score,,"19,413",
164,"Mon, Dec 23, 2019",7:00p,Chicago Bulls,95,Orlando Magic,103,Box Score,,"18,846",
165,"Mon, Dec 23, 2019",7:30p,Utah Jazz,104,Miami Heat,107,Box Score,,"19,890",
166,"Mon, Dec 23, 2019",8:00p,San Antonio Spurs,145,Memphis Grizzlies,115,Box Score,,"16,776",
167,"Mon, Dec 23, 2019",9:00p,Denver Nuggets,113,Phoenix Suns,111,Box Score,,"16,041",
168,"Mon, Dec 23, 2019",10:00p,New Orleans Pelicans,102,Portland Trail Blazers,94,Box Score,,"19,499",
169,"Mon, Dec 23, 2019",10:00p,Houston Rockets,113,Sacramento Kings,104,Box Score,,"17,583",
170,"Mon, Dec 23, 2019",10:30p,Minnesota Timberwolves,104,Golden State Warriors,113,Box Score,,"18,064",
171,"Wed, Dec 25, 2019",12:00p,Boston Celtics,118,Toronto Raptors,102,Box Score,,"19,800",
172,"Wed, Dec 25, 2019",2:30p,Milwaukee Bucks,109,Philadelphia 76ers,121,Box Score,,"21,028",
173,"Wed, Dec 25, 2019",5:00p,Houston Rockets,104,Golden State Warriors,116,Box Score,,"18,064",
174,"Wed, Dec 25, 2019",8:00p,Los Angeles Clippers,111,Los Angeles Lakers,106,Box Score,,"18,997",
175,"Wed, Dec 25, 2019",10:30p,New Orleans Pelicans,112,Denver Nuggets,100,Box Score,,"19,520",
176,"Thu, Dec 26, 2019",7:00p,Washington Wizards,102,Detroit Pistons,132,Box Score,,"17,188",
177,"Thu, Dec 26, 2019",7:30p,New York Knicks,94,Brooklyn Nets,82,Box Score,,"17,732",
178,"Thu, Dec 26, 2019",8:00p,San Antonio Spurs,98,Dallas Mavericks,102,Box Score,,"20,427",
179,"Thu, Dec 26, 2019",8:00p,Memphis Grizzlies,110,Oklahoma City Thunder,97,Box Score,,"18,203",
180,"Thu, Dec 26, 2019",10:00p,Minnesota Timberwolves,105,Sacramento Kings,104,Box Score,2OT,"17,583",
181,"Thu, Dec 26, 2019",10:30p,Portland Trail Blazers,115,Utah Jazz,121,Box Score,,"18,306",
182,"Fri, Dec 27, 2019",4:00p,Cleveland Cavaliers,117,Boston Celtics,129,Box Score,,"19,156",
183,"Fri, Dec 27, 2019",7:00p,Oklahoma City Thunder,104,Charlotte Hornets,102,Box Score,OT,"18,418",
184,"Fri, Dec 27, 2019",7:00p,Philadelphia 76ers,97,Orlando Magic,98,Box Score,,"17,311",
185,"Fri, Dec 27, 2019",7:30p,Milwaukee Bucks,112,Atlanta Hawks,86,Box Score,,"17,358",
186,"Fri, Dec 27, 2019",8:00p,Indiana Pacers,112,Miami Heat,113,Box Score,,"19,767",
187,"Fri, Dec 27, 2019",10:30p,Phoenix Suns,96,Golden State Warriors,105,Box Score,,"18,064",
188,"Sat, Dec 28, 2019",5:00p,Memphis Grizzlies,110,Denver Nuggets,119,Box Score,,"19,697",
189,"Sat, Dec 28, 2019",7:00p,Toronto Raptors,113,Boston Celtics,97,Box Score,,"19,156",
190,"Sat, Dec 28, 2019",7:00p,Indiana Pacers,98,New Orleans Pelicans,120,Box Score,,"15,391",
191,"Sat, Dec 28, 2019",8:00p,Atlanta Hawks,81,Chicago Bulls,116,Box Score,,"21,496",
192,"Sat, Dec 28, 2019",8:00p,Brooklyn Nets,98,Houston Rockets,108,Box Score,,"18,306",
193,"Sat, Dec 28, 2019",8:00p,Philadelphia 76ers,116,Miami Heat,117,Box Score,OT,"19,865",
194,"Sat, Dec 28, 2019",8:00p,Cleveland Cavaliers,94,Minnesota Timberwolves,88,Box Score,,,
195,"Sat, Dec 28, 2019",8:00p,New York Knicks,107,Washington Wizards,100,Box Score,,"19,033",
196,"Sat, Dec 28, 2019",8:30p,Dallas Mavericks,141,Golden State Warriors,121,Box Score,,"18,064",
197,"Sat, Dec 28, 2019",8:30p,Orlando Magic,100,Milwaukee Bucks,111,Box Score,,"17,920",
198,"Sat, Dec 28, 2019",8:30p,Detroit Pistons,109,San Antonio Spurs,136,Box Score,,"18,524",
199,"Sat, Dec 28, 2019",9:00p,Phoenix Suns,112,Sacramento Kings,110,Box Score,,"17,583",
200,"Sat, Dec 28, 2019",10:00p,Los Angeles Lakers,128,Portland Trail Blazers,120,Box Score,,"19,960",
201,"Sat, Dec 28, 2019",10:30p,Utah Jazz,120,Los Angeles Clippers,107,Box Score,,"19,068",
202,"Sun, Dec 29, 2019",6:00p,Oklahoma City Thunder,98,Toronto Raptors,97,Box Score,,"19,800",
203,"Sun, Dec 29, 2019",8:00p,Sacramento Kings,115,Denver Nuggets,120,Box Score,,"19,520",
204,"Sun, Dec 29, 2019",8:00p,Charlotte Hornets,104,Memphis Grizzlies,117,Box Score,,"16,842",
205,"Sun, Dec 29, 2019",8:00p,Houston Rockets,112,New Orleans Pelicans,127,Box Score,,"17,712",
206,"Sun, Dec 29, 2019",9:30p,Dallas Mavericks,95,Los Angeles Lakers,108,Box Score,,"18,997",
207,"Mon, Dec 30, 2019",7:00p,Atlanta Hawks,101,Orlando Magic,93,Box Score,,"17,784",
208,"Mon, Dec 30, 2019",7:00p,Miami Heat,105,Washington Wizards,123,Box Score,,"20,476",
209,"Mon, Dec 30, 2019",8:00p,Milwaukee Bucks,123,Chicago Bulls,102,Box Score,,"21,954",
210,"Mon, Dec 30, 2019",8:00p,Brooklyn Nets,115,Minnesota Timberwolves,122,Box Score,OT,"15,824",
211,"Mon, Dec 30, 2019",9:00p,Detroit Pistons,81,Utah Jazz,104,Box Score,,"18,306",
212,"Mon, Dec 30, 2019",10:00p,Phoenix Suns,122,Portland Trail Blazers,116,Box Score,,"19,896",
213,"Tue, Dec 31, 2019",3:00p,Boston Celtics,109,Charlotte Hornets,92,Box Score,,"19,216",
214,"Tue, Dec 31, 2019",3:00p,Philadelphia 76ers,97,Indiana Pacers,115,Box Score,,"17,923",
215,"Tue, Dec 31, 2019",5:00p,Los Angeles Clippers,105,Sacramento Kings,87,Box Score,,"16,231",
216,"Tue, Dec 31, 2019",7:00p,Denver Nuggets,104,Houston Rockets,130,Box Score,,"18,055",
217,"Tue, Dec 31, 2019",7:00p,Golden State Warriors,113,San Antonio Spurs,117,Box Score,OT,"18,354",
218,"Tue, Dec 31, 2019",7:00p,Cleveland Cavaliers,97,Toronto Raptors,117,Box Score,,"19,800",
219,"Tue, Dec 31, 2019",8:00p,Dallas Mavericks,101,Oklahoma City Thunder,106,Box Score,,"18,203",
0,"Wed, Jan 1, 2020",6:00p,Orlando Magic,122,Washington Wizards,101,Box Score,,"14,921",
1,"Wed, Jan 1, 2020",7:30p,Portland Trail Blazers,93,New York Knicks,117,Box Score,,"19,812",
2,"Wed, Jan 1, 2020",8:00p,Minnesota Timberwolves,104,Milwaukee Bucks,106,Box Score,,"17,819",
3,"Wed, Jan 1, 2020",10:30p,Phoenix Suns,107,Los Angeles Lakers,117,Box Score,,"18,997",
4,"Thu, Jan 2, 2020",7:00p,Charlotte Hornets,109,Cleveland Cavaliers,106,Box Score,,"17,859",
5,"Thu, Jan 2, 2020",7:00p,Denver Nuggets,124,Indiana Pacers,116,Box Score,,"16,688",
6,"Thu, Jan 2, 2020",7:30p,Toronto Raptors,76,Miami Heat,84,Box Score,,"19,939",
7,"Thu, Jan 2, 2020",8:00p,Utah Jazz,102,Chicago Bulls,98,Box Score,,"19,398",
8,"Thu, Jan 2, 2020",8:00p,Golden State Warriors,84,Minnesota Timberwolves,99,Box Score,,"15,477",
9,"Thu, Jan 2, 2020",8:30p,Brooklyn Nets,111,Dallas Mavericks,123,Box Score,,"20,289",
10,"Thu, Jan 2, 2020",8:30p,Oklahoma City Thunder,109,San Antonio Spurs,103,Box Score,,"18,354",
11,"Thu, Jan 2, 2020",10:00p,Memphis Grizzlies,123,Sacramento Kings,128,Box Score,,"17,351",
12,"Thu, Jan 2, 2020",10:30p,Detroit Pistons,112,Los Angeles Clippers,126,Box Score,,"19,068",
13,"Fri, Jan 3, 2020",7:00p,Atlanta Hawks,106,Boston Celtics,109,Box Score,,"19,156",
14,"Fri, Jan 3, 2020",7:00p,Miami Heat,85,Orlando Magic,105,Box Score,,"17,198",
15,"Fri, Jan 3, 2020",7:00p,Portland Trail Blazers,122,Washington Wizards,103,Box Score,,"17,945",
16,"Fri, Jan 3, 2020",8:00p,Philadelphia 76ers,108,Houston Rockets,118,Box Score,,"18,055",
17,"Fri, Jan 3, 2020",9:00p,New York Knicks,112,Phoenix Suns,120,Box Score,,"18,055",
18,"Fri, Jan 3, 2020",10:30p,New Orleans Pelicans,113,Los Angeles Lakers,123,Box Score,,"18,997",
19,"Sat, Jan 4, 2020",3:30p,Memphis Grizzlies,140,Los Angeles Clippers,114,Box Score,,"19,068",
20,"Sat, Jan 4, 2020",6:00p,Toronto Raptors,121,Brooklyn Nets,102,Box Score,,"17,732",
21,"Sat, Jan 4, 2020",7:00p,Utah Jazz,109,Orlando Magic,96,Box Score,,"16,913",
22,"Sat, Jan 4, 2020",7:30p,Indiana Pacers,111,Atlanta Hawks,116,Box Score,,"16,420",
23,"Sat, Jan 4, 2020",7:30p,Oklahoma City Thunder,121,Cleveland Cavaliers,106,Box Score,,"19,432",
24,"Sat, Jan 4, 2020",8:00p,Boston Celtics,111,Chicago Bulls,104,Box Score,,"21,130",
25,"Sat, Jan 4, 2020",8:00p,Denver Nuggets,114,Washington Wizards,128,Box Score,,"16,233",
26,"Sat, Jan 4, 2020",8:30p,Charlotte Hornets,123,Dallas Mavericks,120,Box Score,OT,"20,327",
27,"Sat, Jan 4, 2020",8:30p,Detroit Pistons,111,Golden State Warriors,104,Box Score,,"18,064",
28,"Sat, Jan 4, 2020",8:30p,San Antonio Spurs,118,Milwaukee Bucks,127,Box Score,,"18,002",
29,"Sat, Jan 4, 2020",10:00p,New Orleans Pelicans,117,Sacramento Kings,115,Box Score,,"16,808",
30,"Sun, Jan 5, 2020",3:30p,New York Knicks,,Los Angeles Clippers,,,,,
31,"Sun, Jan 5, 2020",6:00p,Portland Trail Blazers,,Miami Heat,,,,,
32,"Sun, Jan 5, 2020",7:30p,Minnesota Timberwolves,,Cleveland Cavaliers,,,,,
33,"Sun, Jan 5, 2020",8:00p,Memphis Grizzlies,,Phoenix Suns,,,,,
34,"Sun, Jan 5, 2020",10:00p,Detroit Pistons,,Los Angeles Lakers,,,,,
35,"Mon, Jan 6, 2020",7:00p,Indiana Pacers,,Charlotte Hornets,,,,,
36,"Mon, Jan 6, 2020",7:00p,Brooklyn Nets,,Orlando Magic,,,,,
37,"Mon, Jan 6, 2020",7:00p,Oklahoma City Thunder,,Philadelphia 76ers,,,,,
38,"Mon, Jan 6, 2020",7:00p,Boston Celtics,,Washington Wizards,,,,,
39,"Mon, Jan 6, 2020",7:30p,Denver Nuggets,,Atlanta Hawks,,,,,
40,"Mon, Jan 6, 2020",8:00p,Utah Jazz,,New Orleans Pelicans,,,,,
41,"Mon, Jan 6, 2020",8:30p,Chicago Bulls,,Dallas Mavericks,,,,,
42,"Mon, Jan 6, 2020",8:30p,Milwaukee Bucks,,San Antonio Spurs,,,,,
43,"Mon, Jan 6, 2020",10:00p,Golden State Warriors,,Sacramento Kings,,,,,
44,"Tue, Jan 7, 2020",7:00p,Detroit Pistons,,Cleveland Cavaliers,,,,,
45,"Tue, Jan 7, 2020",7:00p,Portland Trail Blazers,,Toronto Raptors,,,,,
46,"Tue, Jan 7, 2020",7:30p,Oklahoma City Thunder,,Brooklyn Nets,,,,,
47,"Tue, Jan 7, 2020",8:00p,Minnesota Timberwolves,,Memphis Grizzlies,,,,,
48,"Tue, Jan 7, 2020",9:00p,Sacramento Kings,,Phoenix Suns,,,,,
49,"Tue, Jan 7, 2020",10:30p,New York Knicks,,Los Angeles Lakers,,,,,
50,"Wed, Jan 8, 2020",7:00p,San Antonio Spurs,,Boston Celtics,,,,,
51,"Wed, Jan 8, 2020",7:00p,Toronto Raptors,,Charlotte Hornets,,,,,
52,"Wed, Jan 8, 2020",7:00p,Miami Heat,,Indiana Pacers,,,,,
53,"Wed, Jan 8, 2020",7:00p,Washington Wizards,,Orlando Magic,,,,,
54,"Wed, Jan 8, 2020",7:30p,Houston Rockets,,Atlanta Hawks,,,,,
55,"Wed, Jan 8, 2020",7:30p,Denver Nuggets,,Dallas Mavericks,,,,,
56,"Wed, Jan 8, 2020",8:00p,Chicago Bulls,,New Orleans Pelicans,,,,,
57,"Wed, Jan 8, 2020",9:00p,New York Knicks,,Utah Jazz,,,,,
58,"Wed, Jan 8, 2020",10:00p,Milwaukee Bucks,,Golden State Warriors,,,,,
59,"Thu, Jan 9, 2020",7:00p,Cleveland Cavaliers,,Detroit Pistons,,,,,
60,"Thu, Jan 9, 2020",7:00p,Boston Celtics,,Philadelphia 76ers,,,,,
61,"Thu, Jan 9, 2020",8:00p,Portland Trail Blazers,,Minnesota Timberwolves,,,,,
62,"Thu, Jan 9, 2020",9:30p,Houston Rockets,,Oklahoma City Thunder,,,,,
63,"Fri, Jan 10, 2020",7:00p,Atlanta Hawks,,Washington Wizards,,,,,
64,"Fri, Jan 10, 2020",7:30p,Miami Heat,,Brooklyn Nets,,,,,
65,"Fri, Jan 10, 2020",8:00p,Indiana Pacers,,Chicago Bulls,,,,,
66,"Fri, Jan 10, 2020",8:00p,San Antonio Spurs,,Memphis Grizzlies,,,,,
67,"Fri, Jan 10, 2020",8:00p,New Orleans Pelicans,,New York Knicks,,,,,
68,"Fri, Jan 10, 2020",8:30p,Los Angeles Lakers,,Dallas Mavericks,,,,,
69,"Fri, Jan 10, 2020",9:00p,Orlando Magic,,Phoenix Suns,,,,,
70,"Fri, Jan 10, 2020",9:00p,Charlotte Hornets,,Utah Jazz,,,,,
71,"Fri, Jan 10, 2020",10:00p,Milwaukee Bucks,,Sacramento Kings,,,,,
72,"Fri, Jan 10, 2020",10:30p,Golden State Warriors,,Los Angeles Clippers,,,,,
73,"Sat, Jan 11, 2020",5:00p,Minnesota Timberwolves,,Houston Rockets,,,,,
74,"Sat, Jan 11, 2020",7:00p,New Orleans Pelicans,,Boston Celtics,,,,,
75,"Sat, Jan 11, 2020",7:00p,Chicago Bulls,,Detroit Pistons,,,,,
76,"Sat, Jan 11, 2020",8:00p,Los Angeles Lakers,,Oklahoma City Thunder,,,,,
77,"Sat, Jan 11, 2020",8:30p,Philadelphia 76ers,,Dallas Mavericks,,,,,
78,"Sat, Jan 11, 2020",9:00p,Cleveland Cavaliers,,Denver Nuggets,,,,,
79,"Sat, Jan 11, 2020",10:00p,Milwaukee Bucks,,Portland Trail Blazers,,,,,
80,"Sun, Jan 12, 2020",3:30p,Miami Heat,,New York Knicks,,,,,
81,"Sun, Jan 12, 2020",3:30p,Utah Jazz,,Washington Wizards,,,,,
82,"Sun, Jan 12, 2020",6:00p,Atlanta Hawks,,Brooklyn Nets,,,,,
83,"Sun, Jan 12, 2020",6:00p,Golden State Warriors,,Memphis Grizzlies,,,,,
84,"Sun, Jan 12, 2020",6:00p,San Antonio Spurs,,Toronto Raptors,,,,,
85,"Sun, Jan 12, 2020",8:00p,Los Angeles Clippers,,Denver Nuggets,,,,,
86,"Sun, Jan 12, 2020",8:00p,Charlotte Hornets,,Phoenix Suns,,,,,
87,"Mon, Jan 13, 2020",7:00p,New Orleans Pelicans,,Detroit Pistons,,,,,
88,"Mon, Jan 13, 2020",7:00p,Philadelphia 76ers,,Indiana Pacers,,,,,
89,"Mon, Jan 13, 2020",7:30p,Chicago Bulls,,Boston Celtics,,,,,
90,"Mon, Jan 13, 2020",8:00p,Oklahoma City Thunder,,Minnesota Timberwolves,,,,,
91,"Mon, Jan 13, 2020",10:00p,Charlotte Hornets,,Portland Trail Blazers,,,,,
92,"Mon, Jan 13, 2020",10:00p,Orlando Magic,,Sacramento Kings,,,,,
93,"Mon, Jan 13, 2020",10:30p,Cleveland Cavaliers,,Los Angeles Lakers,,,,,
94,"Tue, Jan 14, 2020",7:30p,Phoenix Suns,,Atlanta Hawks,,,,,
95,"Tue, Jan 14, 2020",7:30p,Utah Jazz,,Brooklyn Nets,,,,,
96,"Tue, Jan 14, 2020",8:00p,Houston Rockets,,Memphis Grizzlies,,,,,
97,"Tue, Jan 14, 2020",8:00p,New York Knicks,,Milwaukee Bucks,,,,,
98,"Tue, Jan 14, 2020",10:30p,Dallas Mavericks,,Golden State Warriors,,,,,
99,"Tue, Jan 14, 2020",10:30p,Cleveland Cavaliers,,Los Angeles Clippers,,,,,
100,"Wed, Jan 15, 2020",7:00p,Detroit Pistons,,Boston Celtics,,,,,
101,"Wed, Jan 15, 2020",7:00p,Brooklyn Nets,,Philadelphia 76ers,,,,,
102,"Wed, Jan 15, 2020",7:30p,San Antonio Spurs,,Miami Heat,,,,,
103,"Wed, Jan 15, 2020",8:00p,Washington Wizards,,Chicago Bulls,,,,,
104,"Wed, Jan 15, 2020",8:00p,Indiana Pacers,,Minnesota Timberwolves,,,,,
105,"Wed, Jan 15, 2020",8:00p,Toronto Raptors,,Oklahoma City Thunder,,,,,
106,"Wed, Jan 15, 2020",9:00p,Charlotte Hornets,,Denver Nuggets,,,,,
107,"Wed, Jan 15, 2020",9:30p,Portland Trail Blazers,,Houston Rockets,,,,,
108,"Wed, Jan 15, 2020",10:00p,Dallas Mavericks,,Sacramento Kings,,,,,
109,"Wed, Jan 15, 2020",10:30p,Orlando Magic,,Los Angeles Lakers,,,,,
110,"Thu, Jan 16, 2020",7:30p,Phoenix Suns,,New York Knicks,,,,,
111,"Thu, Jan 16, 2020",8:00p,Boston Celtics,,Milwaukee Bucks,,,,,
112,"Thu, Jan 16, 2020",8:00p,Utah Jazz,,New Orleans Pelicans,,,,,
113,"Thu, Jan 16, 2020",10:30p,Denver Nuggets,,Golden State Warriors,,,,,
114,"Thu, Jan 16, 2020",10:30p,Orlando Magic,,Los Angeles Clippers,,,,,
115,"Fri, Jan 17, 2020",7:00p,Minnesota Timberwolves,,Indiana Pacers,,,,,
116,"Fri, Jan 17, 2020",7:00p,Chicago Bulls,,Philadelphia 76ers,,,,,
117,"Fri, Jan 17, 2020",7:00p,Washington Wizards,,Toronto Raptors,,,,,
118,"Fri, Jan 17, 2020",8:00p,Cleveland Cavaliers,,Memphis Grizzlies,,,,,
119,"Fri, Jan 17, 2020",8:00p,Miami Heat,,Oklahoma City Thunder,,,,,
120,"Fri, Jan 17, 2020",8:30p,Atlanta Hawks,,San Antonio Spurs,,,,,
121,"Fri, Jan 17, 2020",9:30p,Portland Trail Blazers,,Dallas Mavericks,,,,,
122,"Sat, Jan 18, 2020",3:30p,Los Angeles Clippers,,New Orleans Pelicans,,,,,
123,"Sat, Jan 18, 2020",6:00p,Milwaukee Bucks,,Brooklyn Nets,,,,,
124,"Sat, Jan 18, 2020",7:00p,Phoenix Suns,,Boston Celtics,,,,,
125,"Sat, Jan 18, 2020",7:30p,Detroit Pistons,,Atlanta Hawks,,,,,
126,"Sat, Jan 18, 2020",7:30p,Philadelphia 76ers,,New York Knicks,,,,,
127,"Sat, Jan 18, 2020",8:00p,Cleveland Cavaliers,,Chicago Bulls,,,,,
128,"Sat, Jan 18, 2020",8:00p,Toronto Raptors,,Minnesota Timberwolves,,,,,
129,"Sat, Jan 18, 2020",8:30p,Orlando Magic,,Golden State Warriors,,,,,
130,"Sat, Jan 18, 2020",8:30p,Los Angeles Lakers,,Houston Rockets,,,,,
131,"Sat, Jan 18, 2020",9:00p,Portland Trail Blazers,,Oklahoma City Thunder,,,,,
132,"Sat, Jan 18, 2020",9:00p,Sacramento Kings,,Utah Jazz,,,,,
133,"Sun, Jan 19, 2020",3:00p,Miami Heat,,San Antonio Spurs,,,,,
134,"Sun, Jan 19, 2020",8:00p,Indiana Pacers,,Denver Nuggets,,,,,
135,"Mon, Jan 20, 2020",2:00p,Detroit Pistons,,Washington Wizards,,,,,
136,"Mon, Jan 20, 2020",2:30p,Toronto Raptors,,Atlanta Hawks,,,,,
137,"Mon, Jan 20, 2020",3:00p,Philadelphia 76ers,,Brooklyn Nets,,,,,
138,"Mon, Jan 20, 2020",5:00p,Orlando Magic,,Charlotte Hornets,,,,,
139,"Mon, Jan 20, 2020",5:00p,New York Knicks,,Cleveland Cavaliers,,,,,
140,"Mon, Jan 20, 2020",5:00p,Oklahoma City Thunder,,Houston Rockets,,,,,
141,"Mon, Jan 20, 2020",5:00p,New Orleans Pelicans,,Memphis Grizzlies,,,,,
142,"Mon, Jan 20, 2020",5:00p,Sacramento Kings,,Miami Heat,,,,,
143,"Mon, Jan 20, 2020",5:00p,Chicago Bulls,,Milwaukee Bucks,,,,,
144,"Mon, Jan 20, 2020",7:30p,Los Angeles Lakers,,Boston Celtics,,,,,
145,"Mon, Jan 20, 2020",8:00p,Denver Nuggets,,Minnesota Timberwolves,,,,,
146,"Mon, Jan 20, 2020",9:00p,San Antonio Spurs,,Phoenix Suns,,,,,
147,"Mon, Jan 20, 2020",9:00p,Indiana Pacers,,Utah Jazz,,,,,
148,"Mon, Jan 20, 2020",10:00p,Golden State Warriors,,Portland Trail Blazers,,,,,
149,"Tue, Jan 21, 2020",8:30p,Los Angeles Clippers,,Dallas Mavericks,,,,,
150,"Wed, Jan 22, 2020",7:00p,Sacramento Kings,,Detroit Pistons,,,,,
151,"Wed, Jan 22, 2020",7:00p,Oklahoma City Thunder,,Orlando Magic,,,,,
152,"Wed, Jan 22, 2020",7:30p,Los Angeles Clippers,,Atlanta Hawks,,,,,
153,"Wed, Jan 22, 2020",7:30p,Memphis Grizzlies,,Boston Celtics,,,,,
154,"Wed, Jan 22, 2020",7:30p,Washington Wizards,,Miami Heat,,,,,
155,"Wed, Jan 22, 2020",7:30p,Los Angeles Lakers,,New York Knicks,,,,,
156,"Wed, Jan 22, 2020",7:30p,Philadelphia 76ers,,Toronto Raptors,,,,,
157,"Wed, Jan 22, 2020",8:00p,Minnesota Timberwolves,,Chicago Bulls,,,,,
158,"Wed, Jan 22, 2020",8:00p,Denver Nuggets,,Houston Rockets,,,,,
159,"Wed, Jan 22, 2020",8:00p,San Antonio Spurs,,New Orleans Pelicans,,,,,
160,"Wed, Jan 22, 2020",9:00p,Indiana Pacers,,Phoenix Suns,,,,,
161,"Wed, Jan 22, 2020",10:00p,Utah Jazz,,Golden State Warriors,,,,,
162,"Thu, Jan 23, 2020",7:00p,Washington Wizards,,Cleveland Cavaliers,,,,,
163,"Thu, Jan 23, 2020",8:00p,Los Angeles Lakers,,Brooklyn Nets,,,,,
164,"Thu, Jan 23, 2020",10:30p,Dallas Mavericks,,Portland Trail Blazers,,,,,
165,"Fri, Jan 24, 2020",3:00p,Milwaukee Bucks,,Charlotte Hornets,,,,,"at Paris, France"
166,"Fri, Jan 24, 2020",7:00p,Memphis Grizzlies,,Detroit Pistons,,,,,
167,"Fri, Jan 24, 2020",7:00p,Boston Celtics,,Orlando Magic,,,,,
168,"Fri, Jan 24, 2020",7:30p,Toronto Raptors,,New York Knicks,,,,,
169,"Fri, Jan 24, 2020",8:00p,Sacramento Kings,,Chicago Bulls,,,,,
170,"Fri, Jan 24, 2020",8:00p,Los Angeles Clippers,,Miami Heat,,,,,
171,"Fri, Jan 24, 2020",8:00p,Houston Rockets,,Minnesota Timberwolves,,,,,
172,"Fri, Jan 24, 2020",8:00p,Denver Nuggets,,New Orleans Pelicans,,,,,
173,"Fri, Jan 24, 2020",8:00p,Atlanta Hawks,,Oklahoma City Thunder,,,,,
174,"Fri, Jan 24, 2020",8:30p,Phoenix Suns,,San Antonio Spurs,,,,,
175,"Fri, Jan 24, 2020",10:30p,Indiana Pacers,,Golden State Warriors,,,,,
176,"Sat, Jan 25, 2020",5:00p,Dallas Mavericks,,Utah Jazz,,,,,
177,"Sat, Jan 25, 2020",7:00p,Brooklyn Nets,,Detroit Pistons,,,,,
178,"Sat, Jan 25, 2020",8:00p,Chicago Bulls,,Cleveland Cavaliers,,,,,
179,"Sat, Jan 25, 2020",8:00p,Oklahoma City Thunder,,Minnesota Timberwolves,,,,,
180,"Sat, Jan 25, 2020",8:30p,Los Angeles Lakers,,Philadelphia 76ers,,,,,
181,"Sun, Jan 26, 2020",3:30p,Houston Rockets,,Denver Nuggets,,,,,
182,"Sun, Jan 26, 2020",4:00p,Toronto Raptors,,San Antonio Spurs,,,,,
183,"Sun, Jan 26, 2020",6:00p,Washington Wizards,,Atlanta Hawks,,,,,
184,"Sun, Jan 26, 2020",6:00p,Phoenix Suns,,Memphis Grizzlies,,,,,
185,"Sun, Jan 26, 2020",6:00p,Boston Celtics,,New Orleans Pelicans,,,,,
186,"Sun, Jan 26, 2020",6:00p,Brooklyn Nets,,New York Knicks,,,,,
187,"Sun, Jan 26, 2020",6:00p,Los Angeles Clippers,,Orlando Magic,,,,,
188,"Sun, Jan 26, 2020",9:00p,Indiana Pacers,,Portland Trail Blazers,,,,,
189,"Mon, Jan 27, 2020",7:00p,Cleveland Cavaliers,,Detroit Pistons,,,,,
190,"Mon, Jan 27, 2020",7:30p,Orlando Magic,,Miami Heat,,,,,
191,"Mon, Jan 27, 2020",8:00p,San Antonio Spurs,,Chicago Bulls,,,,,
192,"Mon, Jan 27, 2020",8:00p,Sacramento Kings,,Minnesota Timberwolves,,,,,
193,"Mon, Jan 27, 2020",8:00p,Dallas Mavericks,,Oklahoma City Thunder,,,,,
194,"Mon, Jan 27, 2020",9:00p,Houston Rockets,,Utah Jazz,,,,,
195,"Tue, Jan 28, 2020",7:00p,New York Knicks,,Charlotte Hornets,,,,,
196,"Tue, Jan 28, 2020",7:00p,Golden State Warriors,,Philadelphia 76ers,,,,,
197,"Tue, Jan 28, 2020",7:30p,New Orleans Pelicans,,Cleveland Cavaliers,,,,,
198,"Tue, Jan 28, 2020",7:30p,Boston Celtics,,Miami Heat,,,,,
199,"Tue, Jan 28, 2020",7:30p,Atlanta Hawks,,Toronto Raptors,,,,,
200,"Tue, Jan 28, 2020",8:00p,Denver Nuggets,,Memphis Grizzlies,,,,,
201,"Tue, Jan 28, 2020",8:00p,Washington Wizards,,Milwaukee Bucks,,,,,
202,"Tue, Jan 28, 2020",8:30p,Phoenix Suns,,Dallas Mavericks,,,,,
203,"Tue, Jan 28, 2020",10:00p,Los Angeles Clippers,,Los Angeles Lakers,,,,,
204,"Wed, Jan 29, 2020",7:00p,Chicago Bulls,,Indiana Pacers,,,,,
205,"Wed, Jan 29, 2020",7:30p,Detroit Pistons,,Brooklyn Nets,,,,,
206,"Wed, Jan 29, 2020",7:30p,Memphis Grizzlies,,New York Knicks,,,,,
207,"Wed, Jan 29, 2020",8:30p,Utah Jazz,,San Antonio Spurs,,,,,
208,"Wed, Jan 29, 2020",10:00p,Houston Rockets,,Portland Trail Blazers,,,,,
209,"Wed, Jan 29, 2020",10:00p,Oklahoma City Thunder,,Sacramento Kings,,,,,
210,"Thu, Jan 30, 2020",7:00p,Toronto Raptors,,Cleveland Cavaliers,,,,,
211,"Thu, Jan 30, 2020",7:00p,Charlotte Hornets,,Washington Wizards,,,,,
212,"Thu, Jan 30, 2020",7:30p,Philadelphia 76ers,,Atlanta Hawks,,,,,
213,"Thu, Jan 30, 2020",8:00p,Golden State Warriors,,Boston Celtics,,,,,
214,"Thu, Jan 30, 2020",10:30p,Utah Jazz,,Denver Nuggets,,,,,
215,"Thu, Jan 30, 2020",10:30p,Sacramento Kings,,Los Angeles Clippers,,,,,
216,"Fri, Jan 31, 2020",7:00p,Toronto Raptors,,Detroit Pistons,,,,,
217,"Fri, Jan 31, 2020",7:30p,Chicago Bulls,,Brooklyn Nets,,,,,
218,"Fri, Jan 31, 2020",8:00p,Dallas Mavericks,,Houston Rockets,,,,,
219,"Fri, Jan 31, 2020",8:00p,Memphis Grizzlies,,New Orleans Pelicans,,,,,
220,"Fri, Jan 31, 2020",9:00p,Denver Nuggets,,Milwaukee Bucks,,,,,
221,"Fri, Jan 31, 2020",9:00p,Oklahoma City Thunder,,Phoenix Suns,,,,,
222,"Fri, Jan 31, 2020",10:30p,Portland Trail Blazers,,Los Angeles Lakers,,,,,
0,"Sat, Feb 1, 2020",3:30p,Minnesota Timberwolves,,Los Angeles Clippers,,,,,
1,"Sat, Feb 1, 2020",7:00p,New York Knicks,,Indiana Pacers,,,,,
2,"Sat, Feb 1, 2020",7:00p,Miami Heat,,Orlando Magic,,,,,
3,"Sat, Feb 1, 2020",8:00p,Golden State Warriors,,Cleveland Cavaliers,,,,,
4,"Sat, Feb 1, 2020",8:00p,Brooklyn Nets,,Washington Wizards,,,,,
5,"Sat, Feb 1, 2020",8:30p,Philadelphia 76ers,,Boston Celtics,,,,,
6,"Sat, Feb 1, 2020",8:30p,Atlanta Hawks,,Dallas Mavericks,,,,,
7,"Sat, Feb 1, 2020",9:00p,Charlotte Hornets,,San Antonio Spurs,,,,,
8,"Sat, Feb 1, 2020",10:00p,Los Angeles Lakers,,Sacramento Kings,,,,,
9,"Sat, Feb 1, 2020",10:30p,Utah Jazz,,Portland Trail Blazers,,,,,
10,"Sun, Feb 2, 2020",12:30p,Denver Nuggets,,Detroit Pistons,,,,,
11,"Sun, Feb 2, 2020",2:00p,New Orleans Pelicans,,Houston Rockets,,,,,
12,"Sun, Feb 2, 2020",2:00p,Phoenix Suns,,Milwaukee Bucks,,,,,
13,"Sun, Feb 2, 2020",3:00p,Chicago Bulls,,Toronto Raptors,,,,,
14,"Mon, Feb 3, 2020",7:00p,Orlando Magic,,Charlotte Hornets,,,,,
15,"Mon, Feb 3, 2020",7:00p,New York Knicks,,Cleveland Cavaliers,,,,,
16,"Mon, Feb 3, 2020",7:00p,Dallas Mavericks,,Indiana Pacers,,,,,
17,"Mon, Feb 3, 2020",7:00p,Golden State Warriors,,Washington Wizards,,,,,
18,"Mon, Feb 3, 2020",7:30p,Boston Celtics,,Atlanta Hawks,,,,,
19,"Mon, Feb 3, 2020",7:30p,Phoenix Suns,,Brooklyn Nets,,,,,
20,"Mon, Feb 3, 2020",7:30p,Philadelphia 76ers,,Miami Heat,,,,,
21,"Mon, Feb 3, 2020",8:00p,Detroit Pistons,,Memphis Grizzlies,,,,,
22,"Mon, Feb 3, 2020",10:00p,Minnesota Timberwolves,,Sacramento Kings,,,,,
23,"Mon, Feb 3, 2020",10:30p,San Antonio Spurs,,Los Angeles Clippers,,,,,
24,"Tue, Feb 4, 2020",7:30p,Milwaukee Bucks,,New Orleans Pelicans,,,,,
25,"Tue, Feb 4, 2020",8:00p,Charlotte Hornets,,Houston Rockets,,,,,
26,"Tue, Feb 4, 2020",10:00p,Portland Trail Blazers,,Denver Nuggets,,,,,
27,"Tue, Feb 4, 2020",10:30p,San Antonio Spurs,,Los Angeles Lakers,,,,,
28,"Wed, Feb 5, 2020",7:00p,Phoenix Suns,,Detroit Pistons,,,,,
29,"Wed, Feb 5, 2020",7:30p,Orlando Magic,,Boston Celtics,,,,,
30,"Wed, Feb 5, 2020",7:30p,Golden State Warriors,,Brooklyn Nets,,,,,
31,"Wed, Feb 5, 2020",7:30p,Indiana Pacers,,Toronto Raptors,,,,,
32,"Wed, Feb 5, 2020",8:00p,Atlanta Hawks,,Minnesota Timberwolves,,,,,
33,"Wed, Feb 5, 2020",8:00p,Cleveland Cavaliers,,Oklahoma City Thunder,,,,,
34,"Wed, Feb 5, 2020",8:30p,Memphis Grizzlies,,Dallas Mavericks,,,,,
35,"Wed, Feb 5, 2020",10:00p,Denver Nuggets,,Utah Jazz,,,,,
36,"Wed, Feb 5, 2020",10:30p,Miami Heat,,Los Angeles Clippers,,,,,
37,"Thu, Feb 6, 2020",7:30p,Orlando Magic,,New York Knicks,,,,,
38,"Thu, Feb 6, 2020",8:00p,New Orleans Pelicans,,Chicago Bulls,,,,,
39,"Thu, Feb 6, 2020",8:00p,Philadelphia 76ers,,Milwaukee Bucks,,,,,
40,"Thu, Feb 6, 2020",10:00p,San Antonio Spurs,,Portland Trail Blazers,,,,,
41,"Thu, Feb 6, 2020",10:30p,Houston Rockets,,Los Angeles Lakers,,,,,
42,"Fri, Feb 7, 2020",7:00p,Memphis Grizzlies,,Philadelphia 76ers,,,,,
43,"Fri, Feb 7, 2020",7:00p,Dallas Mavericks,,Washington Wizards,,,,,
44,"Fri, Feb 7, 2020",7:30p,Atlanta Hawks,,Boston Celtics,,,,,
45,"Fri, Feb 7, 2020",8:00p,Toronto Raptors,,Indiana Pacers,,,,,
46,"Fri, Feb 7, 2020",8:00p,Detroit Pistons,,Oklahoma City Thunder,,,,,
47,"Fri, Feb 7, 2020",9:00p,Houston Rockets,,Phoenix Suns,,,,,
48,"Fri, Feb 7, 2020",10:00p,Miami Heat,,Sacramento Kings,,,,,
49,"Fri, Feb 7, 2020",10:30p,Portland Trail Blazers,,Utah Jazz,,,,,
50,"Sat, Feb 8, 2020",5:00p,Milwaukee Bucks,,Orlando Magic,,,,,
51,"Sat, Feb 8, 2020",7:00p,Dallas Mavericks,,Charlotte Hornets,,,,,
52,"Sat, Feb 8, 2020",7:00p,New York Knicks,,Detroit Pistons,,,,,
53,"Sat, Feb 8, 2020",7:30p,New Orleans Pelicans,,Indiana Pacers,,,,,
54,"Sat, Feb 8, 2020",7:30p,Brooklyn Nets,,Toronto Raptors,,,,,
55,"Sat, Feb 8, 2020",8:00p,Los Angeles Clippers,,Minnesota Timberwolves,,,,,
56,"Sat, Feb 8, 2020",8:30p,Los Angeles Lakers,,Golden State Warriors,,,,,
57,"Sat, Feb 8, 2020",9:00p,Denver Nuggets,,Phoenix Suns,,,,,
58,"Sat, Feb 8, 2020",10:00p,San Antonio Spurs,,Sacramento Kings,,,,,
59,"Sun, Feb 9, 2020",3:30p,Boston Celtics,,Oklahoma City Thunder,,,,,
60,"Sun, Feb 9, 2020",6:00p,New York Knicks,,Atlanta Hawks,,,,,
61,"Sun, Feb 9, 2020",6:00p,Chicago Bulls,,Philadelphia 76ers,,,,,
62,"Sun, Feb 9, 2020",6:00p,Memphis Grizzlies,,Washington Wizards,,,,,
63,"Sun, Feb 9, 2020",7:00p,Utah Jazz,,Houston Rockets,,,,,
64,"Sun, Feb 9, 2020",7:30p,Los Angeles Clippers,,Cleveland Cavaliers,,,,,
65,"Sun, Feb 9, 2020",9:00p,Miami Heat,,Portland Trail Blazers,,,,,
66,"Mon, Feb 10, 2020",7:00p,Charlotte Hornets,,Detroit Pistons,,,,,
67,"Mon, Feb 10, 2020",7:00p,Brooklyn Nets,,Indiana Pacers,,,,,
68,"Mon, Feb 10, 2020",7:00p,Atlanta Hawks,,Orlando Magic,,,,,
69,"Mon, Feb 10, 2020",7:30p,Minnesota Timberwolves,,Toronto Raptors,,,,,
70,"Mon, Feb 10, 2020",8:00p,Sacramento Kings,,Milwaukee Bucks,,,,,
71,"Mon, Feb 10, 2020",8:30p,Utah Jazz,,Dallas Mavericks,,,,,
72,"Mon, Feb 10, 2020",9:00p,San Antonio Spurs,,Denver Nuggets,,,,,
73,"Mon, Feb 10, 2020",10:30p,Miami Heat,,Golden State Warriors,,,,,
74,"Mon, Feb 10, 2020",10:30p,Phoenix Suns,,Los Angeles Lakers,,,,,
75,"Tue, Feb 11, 2020",7:00p,Los Angeles Clippers,,Philadelphia 76ers,,,,,
76,"Tue, Feb 11, 2020",7:00p,Chicago Bulls,,Washington Wizards,,,,,
77,"Tue, Feb 11, 2020",8:00p,Portland Trail Blazers,,New Orleans Pelicans,,,,,
78,"Tue, Feb 11, 2020",8:00p,San Antonio Spurs,,Oklahoma City Thunder,,,,,
79,"Tue, Feb 11, 2020",9:30p,Boston Celtics,,Houston Rockets,,,,,
80,"Wed, Feb 12, 2020",7:00p,Atlanta Hawks,,Cleveland Cavaliers,,,,,
81,"Wed, Feb 12, 2020",7:00p,Detroit Pistons,,Orlando Magic,,,,,
82,"Wed, Feb 12, 2020",7:30p,Toronto Raptors,,Brooklyn Nets,,,,,
83,"Wed, Feb 12, 2020",7:30p,Milwaukee Bucks,,Indiana Pacers,,,,,
84,"Wed, Feb 12, 2020",7:30p,Washington Wizards,,New York Knicks,,,,,
85,"Wed, Feb 12, 2020",8:00p,Portland Trail Blazers,,Memphis Grizzlies,,,,,
86,"Wed, Feb 12, 2020",8:00p,Charlotte Hornets,,Minnesota Timberwolves,,,,,
87,"Wed, Feb 12, 2020",8:30p,Sacramento Kings,,Dallas Mavericks,,,,,
88,"Wed, Feb 12, 2020",9:00p,Golden State Warriors,,Phoenix Suns,,,,,
89,"Wed, Feb 12, 2020",9:00p,Miami Heat,,Utah Jazz,,,,,
90,"Wed, Feb 12, 2020",10:00p,Los Angeles Lakers,,Denver Nuggets,,,,,
91,"Thu, Feb 13, 2020",8:00p,Los Angeles Clippers,,Boston Celtics,,,,,
92,"Thu, Feb 13, 2020",8:00p,Oklahoma City Thunder,,New Orleans Pelicans,,,,,
93,"Thu, Feb 20, 2020",7:00p,Milwaukee Bucks,,Detroit Pistons,,,,,
94,"Thu, Feb 20, 2020",7:30p,Miami Heat,,Atlanta Hawks,,,,,
95,"Thu, Feb 20, 2020",8:00p,Charlotte Hornets,,Chicago Bulls,,,,,
96,"Thu, Feb 20, 2020",8:00p,Brooklyn Nets,,Philadelphia 76ers,,,,,
97,"Thu, Feb 20, 2020",10:00p,Memphis Grizzlies,,Sacramento Kings,,,,,
98,"Thu, Feb 20, 2020",10:30p,Houston Rockets,,Golden State Warriors,,,,,
99,"Fri, Feb 21, 2020",7:00p,Dallas Mavericks,,Orlando Magic,,,,,
100,"Fri, Feb 21, 2020",7:00p,Cleveland Cavaliers,,Washington Wizards,,,,,
101,"Fri, Feb 21, 2020",7:30p,Indiana Pacers,,New York Knicks,,,,,
102,"Fri, Feb 21, 2020",7:30p,Phoenix Suns,,Toronto Raptors,,,,,
103,"Fri, Feb 21, 2020",8:00p,Boston Celtics,,Minnesota Timberwolves,,,,,
104,"Fri, Feb 21, 2020",8:00p,Denver Nuggets,,Oklahoma City Thunder,,,,,
105,"Fri, Feb 21, 2020",9:00p,San Antonio Spurs,,Utah Jazz,,,,,
106,"Fri, Feb 21, 2020",10:30p,Memphis Grizzlies,,Los Angeles Lakers,,,,,
107,"Fri, Feb 21, 2020",10:30p,New Orleans Pelicans,,Portland Trail Blazers,,,,,
108,"Sat, Feb 22, 2020",3:30p,Sacramento Kings,,Los Angeles Clippers,,,,,
109,"Sat, Feb 22, 2020",7:00p,Brooklyn Nets,,Charlotte Hornets,,,,,
110,"Sat, Feb 22, 2020",7:30p,Dallas Mavericks,,Atlanta Hawks,,,,,
111,"Sat, Feb 22, 2020",8:00p,Phoenix Suns,,Chicago Bulls,,,,,
112,"Sat, Feb 22, 2020",8:00p,Cleveland Cavaliers,,Miami Heat,,,,,
113,"Sat, Feb 22, 2020",8:30p,Philadelphia 76ers,,Milwaukee Bucks,,,,,
114,"Sat, Feb 22, 2020",9:00p,Houston Rockets,,Utah Jazz,,,,,
115,"Sun, Feb 23, 2020",3:30p,Boston Celtics,,Los Angeles Lakers,,,,,
116,"Sun, Feb 23, 2020",6:00p,Minnesota Timberwolves,,Denver Nuggets,,,,,
117,"Sun, Feb 23, 2020",6:00p,Indiana Pacers,,Toronto Raptors,,,,,
118,"Sun, Feb 23, 2020",7:00p,Washington Wizards,,Chicago Bulls,,,,,
119,"Sun, Feb 23, 2020",7:00p,San Antonio Spurs,,Oklahoma City Thunder,,,,,
120,"Sun, Feb 23, 2020",8:30p,New Orleans Pelicans,,Golden State Warriors,,,,,
121,"Sun, Feb 23, 2020",9:00p,Detroit Pistons,,Portland Trail Blazers,,,,,
122,"Mon, Feb 24, 2020",7:00p,Miami Heat,,Cleveland Cavaliers,,,,,
123,"Mon, Feb 24, 2020",7:00p,Atlanta Hawks,,Philadelphia 76ers,,,,,
124,"Mon, Feb 24, 2020",7:00p,Milwaukee Bucks,,Washington Wizards,,,,,
125,"Mon, Feb 24, 2020",7:30p,Orlando Magic,,Brooklyn Nets,,,,,
126,"Mon, Feb 24, 2020",8:00p,New York Knicks,,Houston Rockets,,,,,
127,"Mon, Feb 24, 2020",8:30p,Minnesota Timberwolves,,Dallas Mavericks,,,,,
128,"Mon, Feb 24, 2020",9:00p,Phoenix Suns,,Utah Jazz,,,,,
129,"Mon, Feb 24, 2020",10:30p,Memphis Grizzlies,,Los Angeles Clippers,,,,,
130,"Tue, Feb 25, 2020",7:00p,Charlotte Hornets,,Indiana Pacers,,,,,
131,"Tue, Feb 25, 2020",7:30p,Milwaukee Bucks,,Toronto Raptors,,,,,
132,"Tue, Feb 25, 2020",8:00p,Oklahoma City Thunder,,Chicago Bulls,,,,,
133,"Tue, Feb 25, 2020",9:00p,Detroit Pistons,,Denver Nuggets,,,,,
134,"Tue, Feb 25, 2020",10:00p,New Orleans Pelicans,,Los Angeles Lakers,,,,,
135,"Tue, Feb 25, 2020",10:00p,Boston Celtics,,Portland Trail Blazers,,,,,
136,"Tue, Feb 25, 2020",10:30p,Sacramento Kings,,Golden State Warriors,,,,,
137,"Wed, Feb 26, 2020",7:00p,New York Knicks,,Charlotte Hornets,,,,,
138,"Wed, Feb 26, 2020",7:00p,Philadelphia 76ers,,Cleveland Cavaliers,,,,,
139,"Wed, Feb 26, 2020",7:00p,Brooklyn Nets,,Washington Wizards,,,,,
140,"Wed, Feb 26, 2020",7:30p,Orlando Magic,,Atlanta Hawks,,,,,
141,"Wed, Feb 26, 2020",7:30p,Minnesota Timberwolves,,Miami Heat,,,,,
142,"Wed, Feb 26, 2020",7:30p,Dallas Mavericks,,San Antonio Spurs,,,,,
143,"Wed, Feb 26, 2020",8:00p,Memphis Grizzlies,,Houston Rockets,,,,,
144,"Wed, Feb 26, 2020",9:00p,Los Angeles Clippers,,Phoenix Suns,,,,,
145,"Wed, Feb 26, 2020",10:00p,Boston Celtics,,Utah Jazz,,,,,
146,"Thu, Feb 27, 2020",7:00p,New York Knicks,,Philadelphia 76ers,,,,,
147,"Thu, Feb 27, 2020",8:00p,Portland Trail Blazers,,Indiana Pacers,,,,,
148,"Thu, Feb 27, 2020",8:00p,Sacramento Kings,,Oklahoma City Thunder,,,,,
149,"Thu, Feb 27, 2020",10:30p,Los Angeles Lakers,,Golden State Warriors,,,,,
150,"Fri, Feb 28, 2020",7:00p,Minnesota Timberwolves,,Orlando Magic,,,,,
151,"Fri, Feb 28, 2020",7:30p,Brooklyn Nets,,Atlanta Hawks,,,,,
152,"Fri, Feb 28, 2020",7:30p,Charlotte Hornets,,Toronto Raptors,,,,,
153,"Fri, Feb 28, 2020",8:00p,Sacramento Kings,,Memphis Grizzlies,,,,,
154,"Fri, Feb 28, 2020",8:00p,Dallas Mavericks,,Miami Heat,,,,,
155,"Fri, Feb 28, 2020",8:00p,Oklahoma City Thunder,,Milwaukee Bucks,,,,,
156,"Fri, Feb 28, 2020",8:00p,Cleveland Cavaliers,,New Orleans Pelicans,,,,,
157,"Fri, Feb 28, 2020",9:00p,Detroit Pistons,,Phoenix Suns,,,,,
158,"Fri, Feb 28, 2020",9:00p,Washington Wizards,,Utah Jazz,,,,,
159,"Fri, Feb 28, 2020",10:30p,Denver Nuggets,,Los Angeles Clippers,,,,,
160,"Sat, Feb 29, 2020",5:00p,Chicago Bulls,,New York Knicks,,,,,
161,"Sat, Feb 29, 2020",7:30p,Portland Trail Blazers,,Atlanta Hawks,,,,,
162,"Sat, Feb 29, 2020",7:30p,Brooklyn Nets,,Miami Heat,,,,,
163,"Sat, Feb 29, 2020",8:00p,Indiana Pacers,,Cleveland Cavaliers,,,,,
164,"Sat, Feb 29, 2020",8:00p,Los Angeles Lakers,,Memphis Grizzlies,,,,,
165,"Sat, Feb 29, 2020",8:30p,Houston Rockets,,Boston Celtics,,,,,
166,"Sat, Feb 29, 2020",8:30p,Orlando Magic,,San Antonio Spurs,,,,,
167,"Sat, Feb 29, 2020",9:00p,Golden State Warriors,,Phoenix Suns,,,,,
0,"Sun, Mar 1, 2020",1:00p,Milwaukee Bucks,,Charlotte Hornets,,,,,
1,"Sun, Mar 1, 2020",3:30p,Philadelphia 76ers,,Los Angeles Clippers,,,,,
2,"Sun, Mar 1, 2020",3:30p,Dallas Mavericks,,Minnesota Timberwolves,,,,,
3,"Sun, Mar 1, 2020",6:00p,Toronto Raptors,,Denver Nuggets,,,,,
4,"Sun, Mar 1, 2020",6:00p,Detroit Pistons,,Sacramento Kings,,,,,
5,"Sun, Mar 1, 2020",8:00p,Los Angeles Lakers,,New Orleans Pelicans,,,,,
6,"Sun, Mar 1, 2020",8:30p,Washington Wizards,,Golden State Warriors,,,,,
7,"Mon, Mar 2, 2020",7:00p,Utah Jazz,,Cleveland Cavaliers,,,,,
8,"Mon, Mar 2, 2020",7:00p,Houston Rockets,,New York Knicks,,,,,
9,"Mon, Mar 2, 2020",7:00p,Portland Trail Blazers,,Orlando Magic,,,,,
10,"Mon, Mar 2, 2020",7:30p,Memphis Grizzlies,,Atlanta Hawks,,,,,
11,"Mon, Mar 2, 2020",7:30p,Milwaukee Bucks,,Miami Heat,,,,,
12,"Mon, Mar 2, 2020",8:00p,Dallas Mavericks,,Chicago Bulls,,,,,
13,"Mon, Mar 2, 2020",8:30p,Indiana Pacers,,San Antonio Spurs,,,,,
14,"Tue, Mar 3, 2020",7:00p,San Antonio Spurs,,Charlotte Hornets,,,,,
15,"Tue, Mar 3, 2020",7:30p,Brooklyn Nets,,Boston Celtics,,,,,
16,"Tue, Mar 3, 2020",8:00p,Minnesota Timberwolves,,New Orleans Pelicans,,,,,
17,"Tue, Mar 3, 2020",8:00p,Los Angeles Clippers,,Oklahoma City Thunder,,,,,
18,"Tue, Mar 3, 2020",9:00p,Golden State Warriors,,Denver Nuggets,,,,,
19,"Tue, Mar 3, 2020",9:00p,Toronto Raptors,,Phoenix Suns,,,,,
20,"Tue, Mar 3, 2020",10:00p,Philadelphia 76ers,,Los Angeles Lakers,,,,,
21,"Tue, Mar 3, 2020",10:00p,Washington Wizards,,Sacramento Kings,,,,,
22,"Wed, Mar 4, 2020",7:00p,Boston Celtics,,Cleveland Cavaliers,,,,,
23,"Wed, Mar 4, 2020",7:00p,Oklahoma City Thunder,,Detroit Pistons,,,,,
24,"Wed, Mar 4, 2020",7:00p,Orlando Magic,,Miami Heat,,,,,
25,"Wed, Mar 4, 2020",7:30p,Memphis Grizzlies,,Brooklyn Nets,,,,,
26,"Wed, Mar 4, 2020",7:30p,Utah Jazz,,New York Knicks,,,,,
27,"Wed, Mar 4, 2020",8:00p,Chicago Bulls,,Minnesota Timberwolves,,,,,
28,"Wed, Mar 4, 2020",8:30p,New Orleans Pelicans,,Dallas Mavericks,,,,,
29,"Wed, Mar 4, 2020",9:30p,Indiana Pacers,,Milwaukee Bucks,,,,,
30,"Wed, Mar 4, 2020",10:00p,Washington Wizards,,Portland Trail Blazers,,,,,
31,"Thu, Mar 5, 2020",7:00p,Denver Nuggets,,Charlotte Hornets,,,,,
32,"Thu, Mar 5, 2020",8:00p,Los Angeles Clippers,,Houston Rockets,,,,,
33,"Thu, Mar 5, 2020",10:00p,Philadelphia 76ers,,Sacramento Kings,,,,,
34,"Thu, Mar 5, 2020",10:30p,Toronto Raptors,,Golden State Warriors,,,,,
35,"Fri, Mar 6, 2020",7:00p,Atlanta Hawks,,Washington Wizards,,,,,
36,"Fri, Mar 6, 2020",7:30p,San Antonio Spurs,,Brooklyn Nets,,,,,
37,"Fri, Mar 6, 2020",7:30p,Oklahoma City Thunder,,New York Knicks,,,,,
38,"Fri, Mar 6, 2020",8:00p,Utah Jazz,,Boston Celtics,,,,,
39,"Fri, Mar 6, 2020",8:00p,Indiana Pacers,,Chicago Bulls,,,,,
40,"Fri, Mar 6, 2020",8:00p,Orlando Magic,,Minnesota Timberwolves,,,,,
41,"Fri, Mar 6, 2020",8:00p,Miami Heat,,New Orleans Pelicans,,,,,
42,"Fri, Mar 6, 2020",8:30p,Memphis Grizzlies,,Dallas Mavericks,,,,,
43,"Fri, Mar 6, 2020",9:00p,Portland Trail Blazers,,Phoenix Suns,,,,,
44,"Fri, Mar 6, 2020",10:30p,Milwaukee Bucks,,Los Angeles Lakers,,,,,
45,"Sat, Mar 7, 2020",5:00p,Houston Rockets,,Charlotte Hornets,,,,,
46,"Sat, Mar 7, 2020",7:00p,Utah Jazz,,Detroit Pistons,,,,,
47,"Sat, Mar 7, 2020",7:30p,Denver Nuggets,,Cleveland Cavaliers,,,,,
48,"Sat, Mar 7, 2020",8:00p,Atlanta Hawks,,Memphis Grizzlies,,,,,
49,"Sat, Mar 7, 2020",8:30p,Philadelphia 76ers,,Golden State Warriors,,,,,
50,"Sat, Mar 7, 2020",10:00p,Sacramento Kings,,Portland Trail Blazers,,,,,
51,"Sun, Mar 8, 2020",3:00p,Chicago Bulls,,Brooklyn Nets,,,,,
52,"Sun, Mar 8, 2020",3:30p,Los Angeles Lakers,,Los Angeles Clippers,,,,,
53,"Sun, Mar 8, 2020",3:30p,New Orleans Pelicans,,Minnesota Timberwolves,,,,,
54,"Sun, Mar 8, 2020",6:00p,Oklahoma City Thunder,,Boston Celtics,,,,,
55,"Sun, Mar 8, 2020",6:00p,Milwaukee Bucks,,Phoenix Suns,,,,,
56,"Sun, Mar 8, 2020",7:00p,Indiana Pacers,,Dallas Mavericks,,,,,
57,"Sun, Mar 8, 2020",7:00p,Orlando Magic,,Houston Rockets,,,,,
58,"Sun, Mar 8, 2020",7:00p,Miami Heat,,Washington Wizards,,,,,
59,"Sun, Mar 8, 2020",7:30p,San Antonio Spurs,,Cleveland Cavaliers,,,,,
60,"Sun, Mar 8, 2020",7:30p,Detroit Pistons,,New York Knicks,,,,,
61,"Sun, Mar 8, 2020",9:00p,Toronto Raptors,,Sacramento Kings,,,,,
62,"Mon, Mar 9, 2020",7:30p,Charlotte Hornets,,Atlanta Hawks,,,,,
63,"Mon, Mar 9, 2020",9:00p,Milwaukee Bucks,,Denver Nuggets,,,,,
64,"Mon, Mar 9, 2020",9:00p,Toronto Raptors,,Utah Jazz,,,,,
65,"Tue, Mar 10, 2020",7:00p,Boston Celtics,,Indiana Pacers,,,,,
66,"Tue, Mar 10, 2020",7:00p,New York Knicks,,Washington Wizards,,,,,
67,"Tue, Mar 10, 2020",8:00p,Cleveland Cavaliers,,Chicago Bulls,,,,,
68,"Tue, Mar 10, 2020",8:00p,Minnesota Timberwolves,,Houston Rockets,,,,,
69,"Tue, Mar 10, 2020",8:00p,Orlando Magic,,Memphis Grizzlies,,,,,
70,"Tue, Mar 10, 2020",8:00p,Dallas Mavericks,,San Antonio Spurs,,,,,
71,"Tue, Mar 10, 2020",10:00p,Phoenix Suns,,Portland Trail Blazers,,,,,
72,"Tue, Mar 10, 2020",10:30p,Los Angeles Clippers,,Golden State Warriors,,,,,
73,"Tue, Mar 10, 2020",10:30p,Brooklyn Nets,,Los Angeles Lakers,,,,,
74,"Wed, Mar 11, 2020",7:30p,New York Knicks,,Atlanta Hawks,,,,,
75,"Wed, Mar 11, 2020",7:30p,Charlotte Hornets,,Miami Heat,,,,,
76,"Wed, Mar 11, 2020",7:30p,Detroit Pistons,,Philadelphia 76ers,,,,,
77,"Wed, Mar 11, 2020",8:00p,Utah Jazz,,Oklahoma City Thunder,,,,,
78,"Wed, Mar 11, 2020",8:30p,Denver Nuggets,,Dallas Mavericks,,,,,
79,"Wed, Mar 11, 2020",10:00p,New Orleans Pelicans,,Sacramento Kings,,,,,
80,"Thu, Mar 12, 2020",7:00p,Chicago Bulls,,Orlando Magic,,,,,
81,"Thu, Mar 12, 2020",8:00p,Boston Celtics,,Milwaukee Bucks,,,,,
82,"Thu, Mar 12, 2020",10:00p,Memphis Grizzlies,,Portland Trail Blazers,,,,,
83,"Thu, Mar 12, 2020",10:30p,Brooklyn Nets,,Golden State Warriors,,,,,
84,"Thu, Mar 12, 2020",10:30p,Houston Rockets,,Los Angeles Lakers,,,,,
85,"Fri, Mar 13, 2020",7:00p,Cleveland Cavaliers,,Charlotte Hornets,,,,,
86,"Fri, Mar 13, 2020",7:30p,Washington Wizards,,Boston Celtics,,,,,
87,"Fri, Mar 13, 2020",8:00p,New York Knicks,,Miami Heat,,,,,
88,"Fri, Mar 13, 2020",8:00p,Minnesota Timberwolves,,Oklahoma City Thunder,,,,,
89,"Fri, Mar 13, 2020",8:30p,Denver Nuggets,,San Antonio Spurs,,,,,
90,"Fri, Mar 13, 2020",9:00p,New Orleans Pelicans,,Utah Jazz,,,,,
91,"Fri, Mar 13, 2020",10:30p,Brooklyn Nets,,Los Angeles Clippers,,,,,
92,"Sat, Mar 14, 2020",2:00p,Phoenix Suns,,Dallas Mavericks,,,,,
93,"Sat, Mar 14, 2020",7:30p,Cleveland Cavaliers,,Atlanta Hawks,,,,,
94,"Sat, Mar 14, 2020",7:30p,Indiana Pacers,,Philadelphia 76ers,,,,,
95,"Sat, Mar 14, 2020",7:30p,Detroit Pistons,,Toronto Raptors,,,,,
96,"Sat, Mar 14, 2020",8:00p,Chicago Bulls,,Miami Heat,,,,,
97,"Sat, Mar 14, 2020",8:30p,Golden State Warriors,,Milwaukee Bucks,,,,,
98,"Sat, Mar 14, 2020",8:30p,Minnesota Timberwolves,,San Antonio Spurs,,,,,
99,"Sat, Mar 14, 2020",9:00p,Memphis Grizzlies,,Utah Jazz,,,,,
100,"Sat, Mar 14, 2020",10:30p,New Orleans Pelicans,,Los Angeles Clippers,,,,,
101,"Sun, Mar 15, 2020",3:30p,Houston Rockets,,Portland Trail Blazers,,,,,
102,"Sun, Mar 15, 2020",6:00p,Charlotte Hornets,,Orlando Magic,,,,,
103,"Sun, Mar 15, 2020",6:00p,Oklahoma City Thunder,,Washington Wizards,,,,,
104,"Sun, Mar 15, 2020",8:00p,Boston Celtics,,Chicago Bulls,,,,,
105,"Sun, Mar 15, 2020",9:00p,Denver Nuggets,,Los Angeles Lakers,,,,,
106,"Sun, Mar 15, 2020",9:00p,Brooklyn Nets,,Sacramento Kings,,,,,
107,"Mon, Mar 16, 2020",7:00p,Washington Wizards,,Philadelphia 76ers,,,,,
108,"Mon, Mar 16, 2020",8:00p,Miami Heat,,Milwaukee Bucks,,,,,
109,"Mon, Mar 16, 2020",8:00p,Atlanta Hawks,,New Orleans Pelicans,,,,,
110,"Mon, Mar 16, 2020",8:00p,Golden State Warriors,,Toronto Raptors,,,,,
111,"Mon, Mar 16, 2020",8:30p,Memphis Grizzlies,,San Antonio Spurs,,,,,
112,"Mon, Mar 16, 2020",9:00p,Los Angeles Lakers,,Utah Jazz,,,,,
113,"Mon, Mar 16, 2020",10:30p,Dallas Mavericks,,Los Angeles Clippers,,,,,
114,"Tue, Mar 17, 2020",7:00p,Orlando Magic,,Detroit Pistons,,,,,
115,"Tue, Mar 17, 2020",7:30p,Charlotte Hornets,,New York Knicks,,,,,
116,"Tue, Mar 17, 2020",8:00p,Cleveland Cavaliers,,Houston Rockets,,,,,
117,"Tue, Mar 17, 2020",8:00p,Oklahoma City Thunder,,Memphis Grizzlies,,,,,
118,"Tue, Mar 17, 2020",10:00p,Minnesota Timberwolves,,Portland Trail Blazers,,,,,
119,"Tue, Mar 17, 2020",10:00p,Dallas Mavericks,,Sacramento Kings,,,,,
120,"Wed, Mar 18, 2020",7:00p,Toronto Raptors,,Philadelphia 76ers,,,,,
121,"Wed, Mar 18, 2020",7:30p,Oklahoma City Thunder,,Atlanta Hawks,,,,,
122,"Wed, Mar 18, 2020",7:30p,New York Knicks,,Boston Celtics,,,,,
123,"Wed, Mar 18, 2020",7:30p,Washington Wizards,,Brooklyn Nets,,,,,
124,"Wed, Mar 18, 2020",7:30p,Golden State Warriors,,Indiana Pacers,,,,,
125,"Wed, Mar 18, 2020",8:00p,Miami Heat,,Chicago Bulls,,,,,
126,"Wed, Mar 18, 2020",8:00p,San Antonio Spurs,,New Orleans Pelicans,,,,,
127,"Wed, Mar 18, 2020",9:00p,Los Angeles Clippers,,Denver Nuggets,,,,,
128,"Wed, Mar 18, 2020",10:00p,Utah Jazz,,Los Angeles Lakers,,,,,
129,"Wed, Mar 18, 2020",10:00p,Minnesota Timberwolves,,Phoenix Suns,,,,,
130,"Thu, Mar 19, 2020",7:00p,Philadelphia 76ers,,Charlotte Hornets,,,,,
131,"Thu, Mar 19, 2020",7:00p,Cleveland Cavaliers,,Orlando Magic,,,,,
132,"Thu, Mar 19, 2020",8:00p,Sacramento Kings,,Houston Rockets,,,,,
133,"Thu, Mar 19, 2020",8:00p,Memphis Grizzlies,,Milwaukee Bucks,,,,,
134,"Thu, Mar 19, 2020",10:00p,Dallas Mavericks,,Portland Trail Blazers,,,,,
135,"Fri, Mar 20, 2020",7:00p,Golden State Warriors,,Detroit Pistons,,,,,
136,"Fri, Mar 20, 2020",7:00p,Miami Heat,,Indiana Pacers,,,,,
137,"Fri, Mar 20, 2020",7:30p,Washington Wizards,,Atlanta Hawks,,,,,
138,"Fri, Mar 20, 2020",7:30p,Boston Celtics,,Toronto Raptors,,,,,
139,"Fri, Mar 20, 2020",8:00p,Denver Nuggets,,Oklahoma City Thunder,,,,,
140,"Fri, Mar 20, 2020",8:30p,Chicago Bulls,,San Antonio Spurs,,,,,
141,"Fri, Mar 20, 2020",9:00p,Minnesota Timberwolves,,Utah Jazz,,,,,
142,"Fri, Mar 20, 2020",10:30p,Phoenix Suns,,Los Angeles Clippers,,,,,
143,"Sat, Mar 21, 2020",6:00p,Boston Celtics,,Brooklyn Nets,,,,,
144,"Sat, Mar 21, 2020",7:00p,Los Angeles Lakers,,Charlotte Hornets,,,,,
145,"Sat, Mar 21, 2020",7:00p,Cleveland Cavaliers,,Indiana Pacers,,,,,
146,"Sat, Mar 21, 2020",7:00p,Sacramento Kings,,Orlando Magic,,,,,
147,"Sat, Mar 21, 2020",7:00p,Atlanta Hawks,,Philadelphia 76ers,,,,,
148,"Sat, Mar 21, 2020",7:30p,Golden State Warriors,,New York Knicks,,,,,
149,"Sat, Mar 21, 2020",8:00p,Chicago Bulls,,Houston Rockets,,,,,
150,"Sat, Mar 21, 2020",8:00p,New Orleans Pelicans,,Memphis Grizzlies,,,,,
151,"Sat, Mar 21, 2020",8:00p,Milwaukee Bucks,,Washington Wizards,,,,,
152,"Sat, Mar 21, 2020",10:00p,Dallas Mavericks,,Phoenix Suns,,,,,
153,"Sun, Mar 22, 2020",6:00p,Los Angeles Lakers,,Detroit Pistons,,,,,
154,"Sun, Mar 22, 2020",6:00p,Denver Nuggets,,Toronto Raptors,,,,,
155,"Sun, Mar 22, 2020",7:00p,Portland Trail Blazers,,Minnesota Timberwolves,,,,,
156,"Sun, Mar 22, 2020",7:00p,Sacramento Kings,,New Orleans Pelicans,,,,,
157,"Sun, Mar 22, 2020",7:00p,Utah Jazz,,San Antonio Spurs,,,,,
158,"Mon, Mar 23, 2020",7:00p,Phoenix Suns,,Indiana Pacers,,,,,
159,"Mon, Mar 23, 2020",7:00p,Los Angeles Clippers,,New York Knicks,,,,,
160,"Mon, Mar 23, 2020",7:00p,Boston Celtics,,Washington Wizards,,,,,
161,"Mon, Mar 23, 2020",7:30p,Orlando Magic,,Brooklyn Nets,,,,,
162,"Mon, Mar 23, 2020",7:30p,Oklahoma City Thunder,,Miami Heat,,,,,
163,"Mon, Mar 23, 2020",8:00p,Denver Nuggets,,Chicago Bulls,,,,,
164,"Mon, Mar 23, 2020",8:00p,Detroit Pistons,,Milwaukee Bucks,,,,,
165,"Mon, Mar 23, 2020",8:30p,Houston Rockets,,Dallas Mavericks,,,,,
166,"Tue, Mar 24, 2020",7:00p,Portland Trail Blazers,,Charlotte Hornets,,,,,
167,"Tue, Mar 24, 2020",7:00p,Sacramento Kings,,Cleveland Cavaliers,,,,,
168,"Tue, Mar 24, 2020",7:30p,Los Angeles Lakers,,Toronto Raptors,,,,,
169,"Tue, Mar 24, 2020",8:00p,Philadelphia 76ers,,Minnesota Timberwolves,,,,,
170,"Tue, Mar 24, 2020",8:00p,Memphis Grizzlies,,New Orleans Pelicans,,,,,
171,"Tue, Mar 24, 2020",10:00p,San Antonio Spurs,,Utah Jazz,,,,,
172,"Wed, Mar 25, 2020",7:00p,Los Angeles Clippers,,Brooklyn Nets,,,,,
173,"Wed, Mar 25, 2020",7:00p,Portland Trail Blazers,,Detroit Pistons,,,,,
174,"Wed, Mar 25, 2020",7:00p,Indiana Pacers,,Orlando Magic,,,,,
175,"Wed, Mar 25, 2020",7:00p,Phoenix Suns,,Washington Wizards,,,,,
176,"Wed, Mar 25, 2020",7:30p,Denver Nuggets,,Miami Heat,,,,,
177,"Wed, Mar 25, 2020",7:30p,Toronto Raptors,,New York Knicks,,,,,
178,"Wed, Mar 25, 2020",8:00p,Boston Celtics,,Memphis Grizzlies,,,,,
179,"Wed, Mar 25, 2020",9:30p,Houston Rockets,,Milwaukee Bucks,,,,,
180,"Wed, Mar 25, 2020",10:30p,Atlanta Hawks,,Golden State Warriors,,,,,
181,"Thu, Mar 26, 2020",7:00p,Los Angeles Lakers,,Cleveland Cavaliers,,,,,
182,"Thu, Mar 26, 2020",8:00p,Philadelphia 76ers,,Chicago Bulls,,,,,
183,"Thu, Mar 26, 2020",8:00p,San Antonio Spurs,,Minnesota Timberwolves,,,,,
184,"Thu, Mar 26, 2020",8:00p,Charlotte Hornets,,Oklahoma City Thunder,,,,,
185,"Thu, Mar 26, 2020",8:30p,Utah Jazz,,Dallas Mavericks,,,,,
186,"Thu, Mar 26, 2020",10:00p,Atlanta Hawks,,Sacramento Kings,,,,,
187,"Fri, Mar 27, 2020",7:00p,Los Angeles Clippers,,Detroit Pistons,,,,,
188,"Fri, Mar 27, 2020",7:00p,Houston Rockets,,Indiana Pacers,,,,,
189,"Fri, Mar 27, 2020",7:00p,Brooklyn Nets,,Orlando Magic,,,,,
190,"Fri, Mar 27, 2020",7:00p,Phoenix Suns,,Philadelphia 76ers,,,,,
191,"Fri, Mar 27, 2020",7:30p,Portland Trail Blazers,,Boston Celtics,,,,,
192,"Fri, Mar 27, 2020",8:00p,New York Knicks,,New Orleans Pelicans,,,,,
193,"Fri, Mar 27, 2020",8:30p,Washington Wizards,,Milwaukee Bucks,,,,,
194,"Fri, Mar 27, 2020",9:00p,San Antonio Spurs,,Denver Nuggets,,,,,
195,"Sat, Mar 28, 2020",6:00p,Cleveland Cavaliers,,Brooklyn Nets,,,,,
196,"Sat, Mar 28, 2020",7:00p,Los Angeles Clippers,,Charlotte Hornets,,,,,
197,"Sat, Mar 28, 2020",8:00p,New York Knicks,,Chicago Bulls,,,,,
198,"Sat, Mar 28, 2020",8:00p,Toronto Raptors,,Memphis Grizzlies,,,,,
199,"Sat, Mar 28, 2020",8:00p,Phoenix Suns,,Miami Heat,,,,,
200,"Sat, Mar 28, 2020",8:00p,Los Angeles Lakers,,Washington Wizards,,,,,
201,"Sat, Mar 28, 2020",8:30p,Oklahoma City Thunder,,Golden State Warriors,,,,,
202,"Sat, Mar 28, 2020",9:00p,Atlanta Hawks,,Utah Jazz,,,,,
203,"Sun, Mar 29, 2020",3:00p,Milwaukee Bucks,,Dallas Mavericks,,,,,
204,"Sun, Mar 29, 2020",5:00p,Houston Rockets,,Detroit Pistons,,,,,
205,"Sun, Mar 29, 2020",6:00p,Minnesota Timberwolves,,Boston Celtics,,,,,
206,"Sun, Mar 29, 2020",6:00p,New Orleans Pelicans,,Orlando Magic,,,,,
207,"Sun, Mar 29, 2020",7:30p,Portland Trail Blazers,,Philadelphia 76ers,,,,,
208,"Sun, Mar 29, 2020",8:30p,San Antonio Spurs,,Golden State Warriors,,,,,
209,"Sun, Mar 29, 2020",9:00p,Indiana Pacers,,Sacramento Kings,,,,,
210,"Mon, Mar 30, 2020",7:00p,Miami Heat,,Charlotte Hornets,,,,,
211,"Mon, Mar 30, 2020",7:00p,Phoenix Suns,,Cleveland Cavaliers,,,,,
212,"Mon, Mar 30, 2020",7:30p,Portland Trail Blazers,,Brooklyn Nets,,,,,
213,"Mon, Mar 30, 2020",7:30p,Memphis Grizzlies,,Toronto Raptors,,,,,
214,"Mon, Mar 30, 2020",8:00p,Los Angeles Lakers,,Minnesota Timberwolves,,,,,
215,"Mon, Mar 30, 2020",9:00p,Oklahoma City Thunder,,Denver Nuggets,,,,,
216,"Mon, Mar 30, 2020",9:00p,Chicago Bulls,,Utah Jazz,,,,,
217,"Mon, Mar 30, 2020",10:30p,Indiana Pacers,,Los Angeles Clippers,,,,,
218,"Tue, Mar 31, 2020",7:30p,New Orleans Pelicans,,Atlanta Hawks,,,,,
219,"Tue, Mar 31, 2020",7:30p,Houston Rockets,,Philadelphia 76ers,,,,,
220,"Tue, Mar 31, 2020",10:00p,Denver Nuggets,,Golden State Warriors,,,,,
221,"Tue, Mar 31, 2020",10:00p,San Antonio Spurs,,Sacramento Kings,,,,,
0,"Wed, Apr 1, 2020",7:00p,Charlotte Hornets,,Orlando Magic,,,,,
1,"Wed, Apr 1, 2020",7:00p,New Orleans Pelicans,,Washington Wizards,,,,,
2,"Wed, Apr 1, 2020",7:30p,Miami Heat,,Boston Celtics,,,,,
3,"Wed, Apr 1, 2020",7:30p,Detroit Pistons,,Brooklyn Nets,,,,,
4,"Wed, Apr 1, 2020",8:00p,New York Knicks,,Memphis Grizzlies,,,,,
5,"Wed, Apr 1, 2020",8:00p,Dallas Mavericks,,Minnesota Timberwolves,,,,,
6,"Wed, Apr 1, 2020",8:00p,Phoenix Suns,,Oklahoma City Thunder,,,,,
7,"Wed, Apr 1, 2020",9:00p,Toronto Raptors,,Milwaukee Bucks,,,,,
8,"Wed, Apr 1, 2020",9:00p,Cleveland Cavaliers,,Utah Jazz,,,,,
9,"Wed, Apr 1, 2020",10:30p,Indiana Pacers,,Los Angeles Lakers,,,,,
10,"Thu, Apr 2, 2020",8:00p,Golden State Warriors,,Houston Rockets,,,,,
11,"Thu, Apr 2, 2020",10:00p,Los Angeles Clippers,,Sacramento Kings,,,,,
12,"Thu, Apr 2, 2020",10:30p,Utah Jazz,,Portland Trail Blazers,,,,,
13,"Fri, Apr 3, 2020",7:00p,Miami Heat,,Detroit Pistons,,,,,
14,"Fri, Apr 3, 2020",7:00p,Brooklyn Nets,,Indiana Pacers,,,,,
15,"Fri, Apr 3, 2020",7:00p,Philadelphia 76ers,,Washington Wizards,,,,,
16,"Fri, Apr 3, 2020",7:30p,Charlotte Hornets,,Atlanta Hawks,,,,,
17,"Fri, Apr 3, 2020",7:30p,Orlando Magic,,Boston Celtics,,,,,
18,"Fri, Apr 3, 2020",7:30p,Minnesota Timberwolves,,New York Knicks,,,,,
19,"Fri, Apr 3, 2020",7:30p,Milwaukee Bucks,,Toronto Raptors,,,,,
20,"Fri, Apr 3, 2020",8:00p,Dallas Mavericks,,Memphis Grizzlies,,,,,
21,"Fri, Apr 3, 2020",8:30p,Golden State Warriors,,San Antonio Spurs,,,,,
22,"Fri, Apr 3, 2020",9:00p,Chicago Bulls,,Denver Nuggets,,,,,
23,"Fri, Apr 3, 2020",10:00p,Cleveland Cavaliers,,Phoenix Suns,,,,,
24,"Sat, Apr 4, 2020",3:30p,Oklahoma City Thunder,,Los Angeles Clippers,,,,,
25,"Sat, Apr 4, 2020",10:00p,Los Angeles Lakers,,Sacramento Kings,,,,,
26,"Sun, Apr 5, 2020",1:00p,Atlanta Hawks,,Charlotte Hornets,,,,,
27,"Sun, Apr 5, 2020",1:00p,Orlando Magic,,Philadelphia 76ers,,,,,
28,"Sun, Apr 5, 2020",3:30p,Milwaukee Bucks,,Boston Celtics,,,,,
29,"Sun, Apr 5, 2020",5:00p,Washington Wizards,,Indiana Pacers,,,,,
30,"Sun, Apr 5, 2020",5:00p,Miami Heat,,New York Knicks,,,,,
31,"Sun, Apr 5, 2020",6:00p,Dallas Mavericks,,Brooklyn Nets,,,,,
32,"Sun, Apr 5, 2020",6:00p,Utah Jazz,,Denver Nuggets,,,,,
33,"Sun, Apr 5, 2020",6:00p,Chicago Bulls,,Phoenix Suns,,,,,
34,"Sun, Apr 5, 2020",7:00p,Toronto Raptors,,Houston Rockets,,,,,
35,"Sun, Apr 5, 2020",7:00p,Detroit Pistons,,Minnesota Timberwolves,,,,,
36,"Sun, Apr 5, 2020",7:00p,New Orleans Pelicans,,San Antonio Spurs,,,,,
37,"Sun, Apr 5, 2020",9:00p,Memphis Grizzlies,,Portland Trail Blazers,,,,,
38,"Sun, Apr 5, 2020",9:00p,Cleveland Cavaliers,,Sacramento Kings,,,,,
39,"Sun, Apr 5, 2020",9:30p,Oklahoma City Thunder,,Los Angeles Lakers,,,,,
40,"Tue, Apr 7, 2020",7:00p,Toronto Raptors,,Washington Wizards,,,,,
41,"Tue, Apr 7, 2020",7:30p,Detroit Pistons,,Atlanta Hawks,,,,,
42,"Tue, Apr 7, 2020",7:30p,Indiana Pacers,,Miami Heat,,,,,
43,"Tue, Apr 7, 2020",7:30p,Milwaukee Bucks,,Philadelphia 76ers,,,,,
44,"Tue, Apr 7, 2020",8:00p,Phoenix Suns,,Minnesota Timberwolves,,,,,
45,"Tue, Apr 7, 2020",8:00p,Charlotte Hornets,,New Orleans Pelicans,,,,,
46,"Tue, Apr 7, 2020",8:00p,Brooklyn Nets,,Oklahoma City Thunder,,,,,
47,"Tue, Apr 7, 2020",8:30p,Houston Rockets,,Dallas Mavericks,,,,,
48,"Tue, Apr 7, 2020",8:30p,Sacramento Kings,,San Antonio Spurs,,,,,
49,"Tue, Apr 7, 2020",9:00p,Memphis Grizzlies,,Denver Nuggets,,,,,
50,"Tue, Apr 7, 2020",10:00p,Cleveland Cavaliers,,Portland Trail Blazers,,,,,
51,"Tue, Apr 7, 2020",10:00p,Los Angeles Clippers,,Utah Jazz,,,,,
52,"Tue, Apr 7, 2020",10:30p,Chicago Bulls,,Los Angeles Lakers,,,,,
53,"Wed, Apr 8, 2020",7:00p,Indiana Pacers,,Boston Celtics,,,,,
54,"Wed, Apr 8, 2020",7:00p,Toronto Raptors,,Charlotte Hornets,,,,,
55,"Wed, Apr 8, 2020",7:30p,Orlando Magic,,New York Knicks,,,,,
56,"Wed, Apr 8, 2020",9:30p,San Antonio Spurs,,Houston Rockets,,,,,
57,"Wed, Apr 8, 2020",10:30p,Cleveland Cavaliers,,Golden State Warriors,,,,,
58,"Wed, Apr 8, 2020",10:30p,Chicago Bulls,,Los Angeles Clippers,,,,,
59,"Thu, Apr 9, 2020",7:30p,Detroit Pistons,,Miami Heat,,,,,
60,"Thu, Apr 9, 2020",8:00p,Brooklyn Nets,,Milwaukee Bucks,,,,,
61,"Thu, Apr 9, 2020",8:00p,Sacramento Kings,,Minnesota Timberwolves,,,,,
62,"Thu, Apr 9, 2020",8:00p,Phoenix Suns,,New Orleans Pelicans,,,,,
63,"Thu, Apr 9, 2020",10:00p,Denver Nuggets,,Portland Trail Blazers,,,,,
64,"Thu, Apr 9, 2020",10:30p,Golden State Warriors,,Los Angeles Lakers,,,,,
65,"Fri, Apr 10, 2020",7:00p,Boston Celtics,,Orlando Magic,,,,,
66,"Fri, Apr 10, 2020",7:30p,Atlanta Hawks,,Toronto Raptors,,,,,
67,"Fri, Apr 10, 2020",8:00p,Washington Wizards,,Houston Rockets,,,,,
68,"Fri, Apr 10, 2020",8:00p,New York Knicks,,Oklahoma City Thunder,,,,,
69,"Fri, Apr 10, 2020",8:30p,Philadelphia 76ers,,San Antonio Spurs,,,,,
70,"Sat, Apr 11, 2020",3:00p,Detroit Pistons,,Dallas Mavericks,,,,,
71,"Sat, Apr 11, 2020",7:00p,Washington Wizards,,Charlotte Hornets,,,,,
72,"Sat, Apr 11, 2020",7:00p,Orlando Magic,,Indiana Pacers,,,,,
73,"Sat, Apr 11, 2020",7:00p,Philadelphia 76ers,,New Orleans Pelicans,,,,,
74,"Sat, Apr 11, 2020",7:30p,Milwaukee Bucks,,Cleveland Cavaliers,,,,,
75,"Sat, Apr 11, 2020",8:00p,Brooklyn Nets,,Chicago Bulls,,,,,
76,"Sat, Apr 11, 2020",8:00p,Oklahoma City Thunder,,Memphis Grizzlies,,,,,
77,"Sat, Apr 11, 2020",8:00p,Boston Celtics,,Miami Heat,,,,,
78,"Sat, Apr 11, 2020",8:30p,Golden State Warriors,,Los Angeles Clippers,,,,,
79,"Sat, Apr 11, 2020",9:00p,Sacramento Kings,,Denver Nuggets,,,,,
80,"Sat, Apr 11, 2020",10:00p,Utah Jazz,,Phoenix Suns,,,,,
81,"Sun, Apr 12, 2020",3:30p,Houston Rockets,,San Antonio Spurs,,,,,
82,"Sun, Apr 12, 2020",6:00p,New York Knicks,,Toronto Raptors,,,,,
83,"Sun, Apr 12, 2020",7:00p,Atlanta Hawks,,Milwaukee Bucks,,,,,
84,"Sun, Apr 12, 2020",9:30p,Minnesota Timberwolves,,Los Angeles Lakers,,,,,
85,"Mon, Apr 13, 2020",7:00p,Miami Heat,,Charlotte Hornets,,,,,
86,"Mon, Apr 13, 2020",7:00p,Brooklyn Nets,,Cleveland Cavaliers,,,,,
87,"Mon, Apr 13, 2020",7:00p,Boston Celtics,,Detroit Pistons,,,,,
88,"Mon, Apr 13, 2020",7:00p,San Antonio Spurs,,Indiana Pacers,,,,,
89,"Mon, Apr 13, 2020",8:00p,Orlando Magic,,Chicago Bulls,,,,,
90,"Mon, Apr 13, 2020",8:00p,Phoenix Suns,,Houston Rockets,,,,,
91,"Mon, Apr 13, 2020",8:00p,Philadelphia 76ers,,Memphis Grizzlies,,,,,
92,"Mon, Apr 13, 2020",8:00p,Washington Wizards,,New Orleans Pelicans,,,,,
93,"Mon, Apr 13, 2020",8:00p,Utah Jazz,,Oklahoma City Thunder,,,,,
94,"Mon, Apr 13, 2020",9:00p,Dallas Mavericks,,Denver Nuggets,,,,,
95,"Mon, Apr 13, 2020",10:30p,Portland Trail Blazers,,Golden State Warriors,,,,,
96,"Mon, Apr 13, 2020",10:30p,Minnesota Timberwolves,,Los Angeles Clippers,,,,,
97,"Tue, Apr 14, 2020",7:30p,Toronto Raptors,,Miami Heat,,,,,
98,"Tue, Apr 14, 2020",7:30p,Detroit Pistons,,New York Knicks,,,,,
99,"Tue, Apr 14, 2020",10:00p,Denver Nuggets,,Utah Jazz,,,,,
100,"Tue, Apr 14, 2020",10:30p,Sacramento Kings,,Los Angeles Lakers,,,,,
101,"Wed, Apr 15, 2020",7:30p,Cleveland Cavaliers,,Atlanta Hawks,,,,,
102,"Wed, Apr 15, 2020",7:30p,Chicago Bulls,,Boston Celtics,,,,,
103,"Wed, Apr 15, 2020",7:30p,Milwaukee Bucks,,Brooklyn Nets,,,,,
104,"Wed, Apr 15, 2020",7:30p,Oklahoma City Thunder,,Dallas Mavericks,,,,,
105,"Wed, Apr 15, 2020",7:30p,Memphis Grizzlies,,Houston Rockets,,,,,
106,"Wed, Apr 15, 2020",7:30p,New York Knicks,,Minnesota Timberwolves,,,,,
107,"Wed, Apr 15, 2020",7:30p,Toronto Raptors,,Orlando Magic,,,,,
108,"Wed, Apr 15, 2020",7:30p,Charlotte Hornets,,Philadelphia 76ers,,,,,
109,"Wed, Apr 15, 2020",7:30p,New Orleans Pelicans,,San Antonio Spurs,,,,,
110,"Wed, Apr 15, 2020",7:30p,Indiana Pacers,,Washington Wizards,,,,,
111,"Wed, Apr 15, 2020",10:00p,Los Angeles Lakers,,Phoenix Suns,,,,,
112,"Wed, Apr 15, 2020",10:00p,Los Angeles Clippers,,Portland Trail Blazers,,,,,
113,"Wed, Apr 15, 2020",10:00p,Golden State Warriors,,Sacramento Kings,,,,,
